#
# There is insufficient memory for the Java Runtime Environment to continue.
# Native memory allocation (malloc) failed to allocate 2534416 bytes. Error detail: Chunk::new
# Possible reasons:
#   The system is out of physical RAM or swap space
#   This process is running with CompressedOops enabled, and the Java Heap may be blocking the growth of the native heap
# Possible solutions:
#   Reduce memory load on the system
#   Increase physical memory or swap space
#   Check if swap backing store is full
#   Decrease Java heap size (-Xmx/-Xms)
#   Decrease number of Java threads
#   Decrease Java thread stack sizes (-Xss)
#   Set larger code cache with -XX:ReservedCodeCacheSize=
#   JVM is running with Unscaled Compressed Oops mode in which the Java heap is
#     placed in the first 4GB address space. The Java Heap base address is the
#     maximum limit for the native heap growth. Please use -XX:HeapBaseMinAddress
#     to set the Java Heap base and to place the Java Heap above 4GB virtual address.
# This output file may be truncated or incomplete.
#
#  Out of Memory Error (arena.cpp:168), pid=24272, tid=25520
#
# JRE version: OpenJDK Runtime Environment (21.0.9) (build 21.0.9+-14649483-b1163.86)
# Java VM: OpenJDK 64-Bit Server VM (21.0.9+-14649483-b1163.86, mixed mode, tiered, compressed oops, compressed class ptrs, g1 gc, windows-amd64)
# No core dump will be written. Minidumps are not enabled by default on client versions of Windows
#

---------------  S U M M A R Y ------------

Command Line: --add-opens=java.base/java.lang=ALL-UNNAMED --add-opens=java.base/java.lang.invoke=ALL-UNNAMED --add-opens=java.base/java.util=ALL-UNNAMED --add-opens=java.prefs/java.util.prefs=ALL-UNNAMED --add-exports=jdk.compiler/com.sun.tools.javac.api=ALL-UNNAMED --add-exports=jdk.compiler/com.sun.tools.javac.util=ALL-UNNAMED --add-opens=java.base/java.util=ALL-UNNAMED --add-opens=java.prefs/java.util.prefs=ALL-UNNAMED --add-opens=java.base/java.nio.charset=ALL-UNNAMED --add-opens=java.base/java.net=ALL-UNNAMED --add-opens=java.base/java.util.concurrent=ALL-UNNAMED --add-opens=java.base/java.util.concurrent.atomic=ALL-UNNAMED --add-opens=java.xml/javax.xml.namespace=ALL-UNNAMED --add-opens=java.base/java.time=ALL-UNNAMED -Xmx2048m -Dfile.encoding=UTF-8 -Duser.country=IN -Duser.language=en -Duser.variant -javaagent:C:\Users\manis\.gradle\wrapper\dists\gradle-9.1.0-bin\9agqghryom9wkf8r80qlhnts3\gradle-9.1.0\lib\agents\gradle-instrumentation-agent-9.1.0.jar org.gradle.launcher.daemon.bootstrap.GradleDaemon 9.1.0

Host: AMD Ryzen 3 7320U with Radeon Graphics         , 8 cores, 5G,  Windows 11 , 64 bit Build 26100 (10.0.26100.7705)
Time: Fri Feb 27 03:59:46 2026 India Standard Time elapsed time: 102.132882 seconds (0d 0h 1m 42s)

---------------  T H R E A D  ---------------

Current thread (0x000002439ceacea0):  JavaThread "C2 CompilerThread1" daemon [_thread_in_native, id=25520, stack(0x0000005a0aa00000,0x0000005a0ab00000) (1024K)]


Current CompileTask:
C2:102133 31152 %     4       com.android.tools.r8.internal.xc0::b @ 454 (3604 bytes)

Stack: [0x0000005a0aa00000,0x0000005a0ab00000]
Native frames: (J=compiled Java code, j=interpreted, Vv=VM code, C=native code)
V  [jvm.dll+0x6d6c99]
V  [jvm.dll+0x866b83]
V  [jvm.dll+0x86919e]
V  [jvm.dll+0x869883]
V  [jvm.dll+0x280776]
V  [jvm.dll+0xc07cd]
V  [jvm.dll+0xc0d03]
V  [jvm.dll+0x3b9831]
V  [jvm.dll+0x3856a7]
V  [jvm.dll+0x384b1a]
V  [jvm.dll+0x249462]
V  [jvm.dll+0x248a31]
V  [jvm.dll+0x1c7344]
V  [jvm.dll+0x2581ae]
V  [jvm.dll+0x2566f6]
V  [jvm.dll+0x3f48a6]
V  [jvm.dll+0x80f118]
V  [jvm.dll+0x6d54ed]
C  [ucrtbase.dll+0x37b0]
C  [KERNEL32.DLL+0x2e8d7]
C  [ntdll.dll+0x8c40c]


---------------  P R O C E S S  ---------------

Threads class SMR info:
_java_thread_list=0x00000243a2a1ca30, length=144, elements={
0x00000243f9758be0, 0x00000243934c4250, 0x00000243934c6210, 0x00000243934db000,
0x00000243934e7df0, 0x00000243934e8850, 0x00000243934e92b0, 0x00000243934e9d10,
0x0000024393507fd0, 0x000002439350ca90, 0x0000024393804ff0, 0x0000024398d202f0,
0x0000024399787660, 0x0000024399fdb050, 0x0000024398da6290, 0x0000024398da6cd0,
0x000002439a250df0, 0x00000243983ca9b0, 0x00000243983cb6d0, 0x00000243983ca320,
0x00000243983cb040, 0x00000243983cd7a0, 0x00000243983cbd60, 0x00000243983cd110,
0x000002439a5146b0, 0x000002439a513990, 0x000002439a5153d0, 0x000002439a516780,
0x000002439a514020, 0x000002439a513300, 0x000002439a515a60, 0x000002439a5160f0,
0x0000024399637330, 0x0000024399639400, 0x00000243996386e0, 0x0000024399639a90,
0x000002439963a120, 0x0000024399636ca0, 0x000002439963a7b0, 0x00000243996379c0,
0x0000024399638050, 0x000002439963c880, 0x000002439963ae40, 0x000002439963b4d0,
0x000002439963cf10, 0x000002439963c1f0, 0x000002439963bb60, 0x000002439963d5a0,
0x000002439963dc30, 0x000002439963e2c0, 0x000002439a18c900, 0x000002439a18d620,
0x000002439a18e340, 0x000002439a18aec0, 0x000002439a18c270, 0x000002439a18dcb0,
0x000002439a18b550, 0x000002439a18f060, 0x000002439a18e9d0, 0x000002439a18cf90,
0x000002439a18bbe0, 0x000002439cce0fe0, 0x000002439ccdef10, 0x000002439cce2390,
0x000002439cce2a20, 0x000002439ccdf5a0, 0x000002439cce30b0, 0x000002439ccdfc30,
0x000002439cce3740, 0x000002439cce02c0, 0x000002439cce6530, 0x000002439cce5810,
0x000002439cce4af0, 0x000002439cce3dd0, 0x000002439cce4460, 0x000002439cce1670,
0x000002439cce5180, 0x000002439cce1d00, 0x000002439cce5ea0, 0x000002439a190aa0,
0x000002439a190410, 0x000002439a191130, 0x000002439bcb3490, 0x000002439bcb2e00,
0x000002439bcb6910, 0x000002439bcb6fa0, 0x000002439bcb7630, 0x000002439afc7e90,
0x000002439afc5dc0, 0x000002439afc98d0, 0x000002439afc6450, 0x000002439afc9240,
0x000002439afc8520, 0x000002439afc8bb0, 0x000002439afc9f60, 0x000002439afc6ae0,
0x000002439afca5f0, 0x000002439afc7170, 0x000002439afcac80, 0x000002439afc7800,
0x000002439afcc6c0, 0x000002439afcb310, 0x000002439afccd50, 0x000002439cc93130,
0x000002439cc916f0, 0x000002439cc91060, 0x000002439cc94b70, 0x00000243a2597370,
0x00000243a2597a00, 0x00000243a2594580, 0x00000243a2599ad0, 0x00000243a2598720,
0x00000243a259ae80, 0x00000243a2598090, 0x00000243a2598db0, 0x00000243a259a7f0,
0x00000243a2599440, 0x00000243a259a160, 0x000002439cc95890, 0x000002439cc95f20,
0x000002439cc92aa0, 0x000002439cc972d0, 0x000002439cc98680, 0x000002439cc97960,
0x000002439cc97ff0, 0x00000243a27179d0, 0x00000243a2718060, 0x00000243a27186f0,
0x00000243a2716620, 0x00000243a2716cb0, 0x00000243a2717340, 0x00000243a2715f90,
0x00000243a2718d80, 0x00000243a35a6860, 0x00000243a35a7580, 0x00000243a35a7c10,
0x00000243a35a4790, 0x00000243a35acad0, 0x00000243a35b0c70, 0x00000243a35af8c0,
0x00000243a35ad7f0, 0x00000243a35b1300, 0x00000243a3b62d00, 0x000002439ceacea0
}

Java Threads: ( => current thread )
  0x00000243f9758be0 JavaThread "main"                              [_thread_blocked, id=28600, stack(0x0000005a00c00000,0x0000005a00d00000) (1024K)]
  0x00000243934c4250 JavaThread "Common-Cleaner"             daemon [_thread_blocked, id=20312, stack(0x0000005a01400000,0x0000005a01500000) (1024K)]
  0x00000243934c6210 JavaThread "Reference Handler"          daemon [_thread_blocked, id=24972, stack(0x0000005a01500000,0x0000005a01600000) (1024K)]
  0x00000243934db000 JavaThread "Finalizer"                  daemon [_thread_blocked, id=21156, stack(0x0000005a01600000,0x0000005a01700000) (1024K)]
  0x00000243934e7df0 JavaThread "Signal Dispatcher"          daemon [_thread_blocked, id=29492, stack(0x0000005a01700000,0x0000005a01800000) (1024K)]
  0x00000243934e8850 JavaThread "Attach Listener"            daemon [_thread_blocked, id=25212, stack(0x0000005a01800000,0x0000005a01900000) (1024K)]
  0x00000243934e92b0 JavaThread "Service Thread"             daemon [_thread_blocked, id=28236, stack(0x0000005a01900000,0x0000005a01a00000) (1024K)]
  0x00000243934e9d10 JavaThread "Monitor Deflation Thread"   daemon [_thread_blocked, id=24392, stack(0x0000005a01a00000,0x0000005a01b00000) (1024K)]
  0x0000024393507fd0 JavaThread "C2 CompilerThread0"         daemon [_thread_in_native, id=23548, stack(0x0000005a01b00000,0x0000005a01c00000) (1024K)]
  0x000002439350ca90 JavaThread "C1 CompilerThread0"         daemon [_thread_blocked, id=29644, stack(0x0000005a01c00000,0x0000005a01d00000) (1024K)]
  0x0000024393804ff0 JavaThread "Notification Thread"        daemon [_thread_blocked, id=18540, stack(0x0000005a01d00000,0x0000005a01e00000) (1024K)]
  0x0000024398d202f0 JavaThread "Daemon health stats"               [_thread_blocked, id=27860, stack(0x0000005a02200000,0x0000005a02300000) (1024K)]
  0x0000024399787660 JavaThread "Incoming local TCP Connector on port 59584"        [_thread_in_native, id=25916, stack(0x0000005a02300000,0x0000005a02400000) (1024K)]
  0x0000024399fdb050 JavaThread "Daemon periodic checks"            [_thread_blocked, id=22428, stack(0x0000005a02400000,0x0000005a02500000) (1024K)]
  0x0000024398da6290 JavaThread "Daemon"                            [_thread_blocked, id=24928, stack(0x0000005a02500000,0x0000005a02600000) (1024K)]
  0x0000024398da6cd0 JavaThread "Handler for socket connection from /127.0.0.1:59584 to /127.0.0.1:59585"        [_thread_in_native, id=8856, stack(0x0000005a02600000,0x0000005a02700000) (1024K)]
  0x000002439a250df0 JavaThread "Cancel handler"                    [_thread_blocked, id=17272, stack(0x0000005a02700000,0x0000005a02800000) (1024K)]
  0x00000243983ca9b0 JavaThread "Daemon worker"                     [_thread_blocked, id=13132, stack(0x0000005a02800000,0x0000005a02900000) (1024K)]
  0x00000243983cb6d0 JavaThread "Asynchronous log dispatcher for DefaultDaemonConnection: socket connection from /127.0.0.1:59584 to /127.0.0.1:59585"        [_thread_blocked, id=3684, stack(0x0000005a02900000,0x0000005a02a00000) (1024K)]
  0x00000243983ca320 JavaThread "Stdin handler"                     [_thread_blocked, id=26548, stack(0x0000005a02a00000,0x0000005a02b00000) (1024K)]
  0x00000243983cb040 JavaThread "Daemon client event forwarder"        [_thread_blocked, id=25316, stack(0x0000005a02b00000,0x0000005a02c00000) (1024K)]
  0x00000243983cd7a0 JavaThread "Cache worker for journal cache (C:\Users\manis\.gradle\caches\journal-1)"        [_thread_blocked, id=22196, stack(0x0000005a03000000,0x0000005a03100000) (1024K)]
  0x00000243983cbd60 JavaThread "File lock request listener"        [_thread_in_native, id=15872, stack(0x0000005a03100000,0x0000005a03200000) (1024K)]
  0x00000243983cd110 JavaThread "Cache worker for file hash cache (C:\Users\manis\.gradle\caches\9.1.0\fileHashes)"        [_thread_blocked, id=7564, stack(0x0000005a03200000,0x0000005a03300000) (1024K)]
  0x000002439a5146b0 JavaThread "Cache worker for file hash cache (C:\Users\manis\AndroidStudioProjects\FinCortex\.gradle\9.1.0\fileHashes)"        [_thread_blocked, id=11592, stack(0x0000005a03300000,0x0000005a03400000) (1024K)]
  0x000002439a513990 JavaThread "Cache worker for Build Output Cleanup Cache (C:\Users\manis\AndroidStudioProjects\FinCortex\.gradle\buildOutputCleanup)"        [_thread_blocked, id=11704, stack(0x0000005a03400000,0x0000005a03500000) (1024K)]
  0x000002439a5153d0 JavaThread "File watcher server"        daemon [_thread_in_native, id=28436, stack(0x0000005a03500000,0x0000005a03600000) (1024K)]
  0x000002439a516780 JavaThread "File watcher consumer"      daemon [_thread_blocked, id=28468, stack(0x0000005a03600000,0x0000005a03700000) (1024K)]
  0x000002439a514020 JavaThread "Cache worker for checksums cache (C:\Users\manis\AndroidStudioProjects\FinCortex\.gradle\9.1.0\checksums)"        [_thread_blocked, id=29604, stack(0x0000005a03700000,0x0000005a03800000) (1024K)]
  0x000002439a513300 JavaThread "Cache worker for file content cache (C:\Users\manis\.gradle\caches\9.1.0\fileContent)"        [_thread_blocked, id=29564, stack(0x0000005a03800000,0x0000005a03900000) (1024K)]
  0x000002439a515a60 JavaThread "Cache worker for cache directory md-supplier (C:\Users\manis\.gradle\caches\9.1.0\md-supplier)"        [_thread_blocked, id=14836, stack(0x0000005a03900000,0x0000005a03a00000) (1024K)]
  0x000002439a5160f0 JavaThread "Cache worker for cache directory md-rule (C:\Users\manis\.gradle\caches\9.1.0\md-rule)"        [_thread_blocked, id=22692, stack(0x0000005a03a00000,0x0000005a03b00000) (1024K)]
  0x0000024399637330 JavaThread "jar transforms"                    [_thread_blocked, id=22220, stack(0x0000005a03b00000,0x0000005a03c00000) (1024K)]
  0x0000024399639400 JavaThread "jar transforms Thread 2"           [_thread_blocked, id=15240, stack(0x0000005a03c00000,0x0000005a03d00000) (1024K)]
  0x00000243996386e0 JavaThread "jar transforms Thread 3"           [_thread_blocked, id=10096, stack(0x0000005a03d00000,0x0000005a03e00000) (1024K)]
  0x0000024399639a90 JavaThread "Unconstrained build operations"        [_thread_blocked, id=29476, stack(0x0000005a03e00000,0x0000005a03f00000) (1024K)]
  0x000002439963a120 JavaThread "Unconstrained build operations Thread 2"        [_thread_blocked, id=18900, stack(0x0000005a03f00000,0x0000005a04000000) (1024K)]
  0x0000024399636ca0 JavaThread "Unconstrained build operations Thread 3"        [_thread_blocked, id=7584, stack(0x0000005a04000000,0x0000005a04100000) (1024K)]
  0x000002439963a7b0 JavaThread "Unconstrained build operations Thread 4"        [_thread_blocked, id=6212, stack(0x0000005a04100000,0x0000005a04200000) (1024K)]
  0x00000243996379c0 JavaThread "Unconstrained build operations Thread 5"        [_thread_blocked, id=28792, stack(0x0000005a04200000,0x0000005a04300000) (1024K)]
  0x0000024399638050 JavaThread "Unconstrained build operations Thread 6"        [_thread_blocked, id=15320, stack(0x0000005a04300000,0x0000005a04400000) (1024K)]
  0x000002439963c880 JavaThread "Unconstrained build operations Thread 7"        [_thread_blocked, id=11476, stack(0x0000005a04400000,0x0000005a04500000) (1024K)]
  0x000002439963ae40 JavaThread "Unconstrained build operations Thread 8"        [_thread_blocked, id=2260, stack(0x0000005a04500000,0x0000005a04600000) (1024K)]
  0x000002439963b4d0 JavaThread "Unconstrained build operations Thread 9"        [_thread_blocked, id=17352, stack(0x0000005a04600000,0x0000005a04700000) (1024K)]
  0x000002439963cf10 JavaThread "Unconstrained build operations Thread 10"        [_thread_blocked, id=27188, stack(0x0000005a04700000,0x0000005a04800000) (1024K)]
  0x000002439963c1f0 JavaThread "Unconstrained build operations Thread 11"        [_thread_blocked, id=27836, stack(0x0000005a04800000,0x0000005a04900000) (1024K)]
  0x000002439963bb60 JavaThread "Unconstrained build operations Thread 12"        [_thread_blocked, id=28848, stack(0x0000005a04900000,0x0000005a04a00000) (1024K)]
  0x000002439963d5a0 JavaThread "Unconstrained build operations Thread 13"        [_thread_blocked, id=4128, stack(0x0000005a04a00000,0x0000005a04b00000) (1024K)]
  0x000002439963dc30 JavaThread "Unconstrained build operations Thread 14"        [_thread_blocked, id=2604, stack(0x0000005a04b00000,0x0000005a04c00000) (1024K)]
  0x000002439963e2c0 JavaThread "jar transforms Thread 4"           [_thread_blocked, id=25468, stack(0x0000005a04c00000,0x0000005a04d00000) (1024K)]
  0x000002439a18c900 JavaThread "jar transforms Thread 5"           [_thread_blocked, id=26648, stack(0x0000005a04d00000,0x0000005a04e00000) (1024K)]
  0x000002439a18d620 JavaThread "Unconstrained build operations Thread 15"        [_thread_blocked, id=26184, stack(0x0000005a04e00000,0x0000005a04f00000) (1024K)]
  0x000002439a18e340 JavaThread "Unconstrained build operations Thread 16"        [_thread_blocked, id=17972, stack(0x0000005a04f00000,0x0000005a05000000) (1024K)]
  0x000002439a18aec0 JavaThread "Unconstrained build operations Thread 17"        [_thread_blocked, id=6424, stack(0x0000005a05000000,0x0000005a05100000) (1024K)]
  0x000002439a18c270 JavaThread "Unconstrained build operations Thread 18"        [_thread_blocked, id=4580, stack(0x0000005a05100000,0x0000005a05200000) (1024K)]
  0x000002439a18dcb0 JavaThread "Unconstrained build operations Thread 19"        [_thread_blocked, id=17988, stack(0x0000005a05200000,0x0000005a05300000) (1024K)]
  0x000002439a18b550 JavaThread "Unconstrained build operations Thread 20"        [_thread_blocked, id=2792, stack(0x0000005a05300000,0x0000005a05400000) (1024K)]
  0x000002439a18f060 JavaThread "Unconstrained build operations Thread 21"        [_thread_blocked, id=10660, stack(0x0000005a05400000,0x0000005a05500000) (1024K)]
  0x000002439a18e9d0 JavaThread "jar transforms Thread 6"           [_thread_blocked, id=25448, stack(0x0000005a05500000,0x0000005a05600000) (1024K)]
  0x000002439a18cf90 JavaThread "jar transforms Thread 7"           [_thread_blocked, id=14768, stack(0x0000005a05600000,0x0000005a05700000) (1024K)]
  0x000002439a18bbe0 JavaThread "jar transforms Thread 8"           [_thread_blocked, id=28184, stack(0x0000005a05700000,0x0000005a05800000) (1024K)]
  0x000002439cce0fe0 JavaThread "Unconstrained build operations Thread 22"        [_thread_blocked, id=22588, stack(0x0000005a05800000,0x0000005a05900000) (1024K)]
  0x000002439ccdef10 JavaThread "Unconstrained build operations Thread 23"        [_thread_blocked, id=28960, stack(0x0000005a05900000,0x0000005a05a00000) (1024K)]
  0x000002439cce2390 JavaThread "Unconstrained build operations Thread 24"        [_thread_blocked, id=19288, stack(0x0000005a05a00000,0x0000005a05b00000) (1024K)]
  0x000002439cce2a20 JavaThread "Unconstrained build operations Thread 25"        [_thread_blocked, id=27576, stack(0x0000005a05b00000,0x0000005a05c00000) (1024K)]
  0x000002439ccdf5a0 JavaThread "Unconstrained build operations Thread 26"        [_thread_blocked, id=15252, stack(0x0000005a05c00000,0x0000005a05d00000) (1024K)]
  0x000002439cce30b0 JavaThread "Unconstrained build operations Thread 27"        [_thread_blocked, id=23676, stack(0x0000005a05d00000,0x0000005a05e00000) (1024K)]
  0x000002439ccdfc30 JavaThread "Unconstrained build operations Thread 28"        [_thread_blocked, id=22432, stack(0x0000005a05e00000,0x0000005a05f00000) (1024K)]
  0x000002439cce3740 JavaThread "Unconstrained build operations Thread 29"        [_thread_blocked, id=23440, stack(0x0000005a05f00000,0x0000005a06000000) (1024K)]
  0x000002439cce02c0 JavaThread "Unconstrained build operations Thread 30"        [_thread_blocked, id=6864, stack(0x0000005a06000000,0x0000005a06100000) (1024K)]
  0x000002439cce6530 JavaThread "Unconstrained build operations Thread 31"        [_thread_blocked, id=12336, stack(0x0000005a06100000,0x0000005a06200000) (1024K)]
  0x000002439cce5810 JavaThread "Unconstrained build operations Thread 32"        [_thread_blocked, id=24436, stack(0x0000005a06200000,0x0000005a06300000) (1024K)]
  0x000002439cce4af0 JavaThread "Unconstrained build operations Thread 33"        [_thread_blocked, id=368, stack(0x0000005a06300000,0x0000005a06400000) (1024K)]
  0x000002439cce3dd0 JavaThread "Unconstrained build operations Thread 34"        [_thread_blocked, id=5412, stack(0x0000005a06400000,0x0000005a06500000) (1024K)]
  0x000002439cce4460 JavaThread "Unconstrained build operations Thread 35"        [_thread_blocked, id=25052, stack(0x0000005a06500000,0x0000005a06600000) (1024K)]
  0x000002439cce1670 JavaThread "Unconstrained build operations Thread 36"        [_thread_blocked, id=26088, stack(0x0000005a06600000,0x0000005a06700000) (1024K)]
  0x000002439cce5180 JavaThread "Unconstrained build operations Thread 37"        [_thread_blocked, id=15416, stack(0x0000005a06700000,0x0000005a06800000) (1024K)]
  0x000002439cce1d00 JavaThread "Unconstrained build operations Thread 38"        [_thread_blocked, id=19056, stack(0x0000005a06800000,0x0000005a06900000) (1024K)]
  0x000002439cce5ea0 JavaThread "Unconstrained build operations Thread 39"        [_thread_blocked, id=24108, stack(0x0000005a06900000,0x0000005a06a00000) (1024K)]
  0x000002439a190aa0 JavaThread "Unconstrained build operations Thread 40"        [_thread_blocked, id=29396, stack(0x0000005a06a00000,0x0000005a06b00000) (1024K)]
  0x000002439a190410 JavaThread "Unconstrained build operations Thread 41"        [_thread_blocked, id=17816, stack(0x0000005a06b00000,0x0000005a06c00000) (1024K)]
  0x000002439a191130 JavaThread "Unconstrained build operations Thread 42"        [_thread_blocked, id=25296, stack(0x0000005a06c00000,0x0000005a06d00000) (1024K)]
  0x000002439bcb3490 JavaThread "Unconstrained build operations Thread 43"        [_thread_blocked, id=27208, stack(0x0000005a06d00000,0x0000005a06e00000) (1024K)]
  0x000002439bcb2e00 JavaThread "Unconstrained build operations Thread 44"        [_thread_blocked, id=18668, stack(0x0000005a06e00000,0x0000005a06f00000) (1024K)]
  0x000002439bcb6910 JavaThread "Unconstrained build operations Thread 45"        [_thread_blocked, id=14496, stack(0x0000005a06f00000,0x0000005a07000000) (1024K)]
  0x000002439bcb6fa0 JavaThread "Unconstrained build operations Thread 46"        [_thread_blocked, id=24304, stack(0x0000005a07000000,0x0000005a07100000) (1024K)]
  0x000002439bcb7630 JavaThread "Unconstrained build operations Thread 47"        [_thread_blocked, id=15216, stack(0x0000005a07100000,0x0000005a07200000) (1024K)]
  0x000002439afc7e90 JavaThread "Unconstrained build operations Thread 48"        [_thread_blocked, id=28720, stack(0x0000005a07200000,0x0000005a07300000) (1024K)]
  0x000002439afc5dc0 JavaThread "Unconstrained build operations Thread 49"        [_thread_blocked, id=16960, stack(0x0000005a07300000,0x0000005a07400000) (1024K)]
  0x000002439afc98d0 JavaThread "Unconstrained build operations Thread 50"        [_thread_in_Java, id=12204, stack(0x0000005a07400000,0x0000005a07500000) (1024K)]
  0x000002439afc6450 JavaThread "Unconstrained build operations Thread 51"        [_thread_in_vm, id=28492, stack(0x0000005a07500000,0x0000005a07600000) (1024K)]
  0x000002439afc9240 JavaThread "Unconstrained build operations Thread 52"        [_thread_blocked, id=12376, stack(0x0000005a07600000,0x0000005a07700000) (1024K)]
  0x000002439afc8520 JavaThread "Unconstrained build operations Thread 53"        [_thread_blocked, id=28108, stack(0x0000005a07700000,0x0000005a07800000) (1024K)]
  0x000002439afc8bb0 JavaThread "Unconstrained build operations Thread 54"        [_thread_in_Java, id=15424, stack(0x0000005a07800000,0x0000005a07900000) (1024K)]
  0x000002439afc9f60 JavaThread "Unconstrained build operations Thread 55"        [_thread_blocked, id=27104, stack(0x0000005a07900000,0x0000005a07a00000) (1024K)]
  0x000002439afc6ae0 JavaThread "Unconstrained build operations Thread 56"        [_thread_blocked, id=4488, stack(0x0000005a07a00000,0x0000005a07b00000) (1024K)]
  0x000002439afca5f0 JavaThread "Unconstrained build operations Thread 57"        [_thread_blocked, id=13776, stack(0x0000005a07b00000,0x0000005a07c00000) (1024K)]
  0x000002439afc7170 JavaThread "Unconstrained build operations Thread 58"        [_thread_blocked, id=460, stack(0x0000005a07c00000,0x0000005a07d00000) (1024K)]
  0x000002439afcac80 JavaThread "Unconstrained build operations Thread 59"        [_thread_blocked, id=24068, stack(0x0000005a07d00000,0x0000005a07e00000) (1024K)]
  0x000002439afc7800 JavaThread "Unconstrained build operations Thread 60"        [_thread_blocked, id=4980, stack(0x0000005a07e00000,0x0000005a07f00000) (1024K)]
  0x000002439afcc6c0 JavaThread "Unconstrained build operations Thread 61"        [_thread_blocked, id=24408, stack(0x0000005a07f00000,0x0000005a08000000) (1024K)]
  0x000002439afcb310 JavaThread "Unconstrained build operations Thread 62"        [_thread_blocked, id=10400, stack(0x0000005a08000000,0x0000005a08100000) (1024K)]
  0x000002439afccd50 JavaThread "Unconstrained build operations Thread 63"        [_thread_blocked, id=6400, stack(0x0000005a08100000,0x0000005a08200000) (1024K)]
  0x000002439cc93130 JavaThread "Problems report writer"            [_thread_blocked, id=13824, stack(0x0000005a08200000,0x0000005a08300000) (1024K)]
  0x000002439cc916f0 JavaThread "build event listener"              [_thread_blocked, id=9896, stack(0x0000005a08300000,0x0000005a08400000) (1024K)]
  0x000002439cc91060 JavaThread "Memory manager"                    [_thread_blocked, id=25000, stack(0x0000005a08400000,0x0000005a08500000) (1024K)]
  0x000002439cc94b70 JavaThread "build event listener"              [_thread_blocked, id=17904, stack(0x0000005a08500000,0x0000005a08600000) (1024K)]
  0x00000243a2597370 JavaThread "pool-3-thread-1"                   [_thread_blocked, id=6072, stack(0x0000005a08600000,0x0000005a08700000) (1024K)]
  0x00000243a2597a00 JavaThread "build event listener"              [_thread_blocked, id=23588, stack(0x0000005a08700000,0x0000005a08800000) (1024K)]
  0x00000243a2594580 JavaThread "included builds"                   [_thread_blocked, id=9752, stack(0x0000005a08800000,0x0000005a08900000) (1024K)]
  0x00000243a2599ad0 JavaThread "Execution worker"                  [_thread_blocked, id=20952, stack(0x0000005a08900000,0x0000005a08a00000) (1024K)]
  0x00000243a2598720 JavaThread "Execution worker Thread 2"         [_thread_blocked, id=7184, stack(0x0000005a08a00000,0x0000005a08b00000) (1024K)]
  0x00000243a259ae80 JavaThread "Execution worker Thread 3"         [_thread_blocked, id=29076, stack(0x0000005a08b00000,0x0000005a08c00000) (1024K)]
  0x00000243a2598090 JavaThread "Execution worker Thread 4"         [_thread_blocked, id=3976, stack(0x0000005a08c00000,0x0000005a08d00000) (1024K)]
  0x00000243a2598db0 JavaThread "Execution worker Thread 5"         [_thread_blocked, id=18988, stack(0x0000005a08d00000,0x0000005a08e00000) (1024K)]
  0x00000243a259a7f0 JavaThread "Execution worker Thread 6"         [_thread_blocked, id=10084, stack(0x0000005a08e00000,0x0000005a08f00000) (1024K)]
  0x00000243a2599440 JavaThread "Execution worker Thread 7"         [_thread_blocked, id=28216, stack(0x0000005a08f00000,0x0000005a09000000) (1024K)]
  0x00000243a259a160 JavaThread "Cache worker for execution history cache (C:\Users\manis\AndroidStudioProjects\FinCortex\.gradle\9.1.0\executionHistory)"        [_thread_blocked, id=20172, stack(0x0000005a09000000,0x0000005a09100000) (1024K)]
  0x000002439cc95890 JavaThread "Unconstrained build operations Thread 64"        [_thread_blocked, id=27420, stack(0x0000005a09100000,0x0000005a09200000) (1024K)]
  0x000002439cc95f20 JavaThread "Unconstrained build operations Thread 65"        [_thread_blocked, id=17108, stack(0x0000005a09200000,0x0000005a09300000) (1024K)]
  0x000002439cc92aa0 JavaThread "Unconstrained build operations Thread 66"        [_thread_blocked, id=26540, stack(0x0000005a09300000,0x0000005a09400000) (1024K)]
  0x000002439cc972d0 JavaThread "Unconstrained build operations Thread 67"        [_thread_blocked, id=17304, stack(0x0000005a09400000,0x0000005a09500000) (1024K)]
  0x000002439cc98680 JavaThread "Unconstrained build operations Thread 68"        [_thread_blocked, id=8780, stack(0x0000005a09500000,0x0000005a09600000) (1024K)]
  0x000002439cc97960 JavaThread "Unconstrained build operations Thread 69"        [_thread_blocked, id=19788, stack(0x0000005a09600000,0x0000005a09700000) (1024K)]
  0x000002439cc97ff0 JavaThread "Unconstrained build operations Thread 70"        [_thread_blocked, id=24192, stack(0x0000005a09700000,0x0000005a09800000) (1024K)]
  0x00000243a27179d0 JavaThread "WorkerExecutor Queue"              [_thread_blocked, id=28164, stack(0x0000005a09a00000,0x0000005a09b00000) (1024K)]
  0x00000243a2718060 JavaThread "Unconstrained build operations Thread 71"        [_thread_blocked, id=27580, stack(0x0000005a09b00000,0x0000005a09c00000) (1024K)]
  0x00000243a27186f0 JavaThread "Unconstrained build operations Thread 72"        [_thread_blocked, id=29340, stack(0x0000005a09c00000,0x0000005a09d00000) (1024K)]
  0x00000243a2716620 JavaThread "Unconstrained build operations Thread 73"        [_thread_blocked, id=6964, stack(0x0000005a09d00000,0x0000005a09e00000) (1024K)]
  0x00000243a2716cb0 JavaThread "Unconstrained build operations Thread 74"        [_thread_blocked, id=29404, stack(0x0000005a09e00000,0x0000005a09f00000) (1024K)]
  0x00000243a2717340 JavaThread "Unconstrained build operations Thread 75"        [_thread_blocked, id=26564, stack(0x0000005a09f00000,0x0000005a0a000000) (1024K)]
  0x00000243a2715f90 JavaThread "Unconstrained build operations Thread 76"        [_thread_blocked, id=23916, stack(0x0000005a0a000000,0x0000005a0a100000) (1024K)]
  0x00000243a2718d80 JavaThread "Unconstrained build operations Thread 77"        [_thread_blocked, id=17412, stack(0x0000005a0a100000,0x0000005a0a200000) (1024K)]
  0x00000243a35a6860 JavaThread "Unconstrained build operations Thread 78"        [_thread_blocked, id=23036, stack(0x0000005a09900000,0x0000005a09a00000) (1024K)]
  0x00000243a35a7580 JavaThread "WorkerExecutor Queue Thread 2"        [_thread_blocked, id=13456, stack(0x0000005a09800000,0x0000005a09900000) (1024K)]
  0x00000243a35a7c10 JavaThread "Unconstrained build operations Thread 79"        [_thread_blocked, id=29560, stack(0x0000005a0a300000,0x0000005a0a400000) (1024K)]
  0x00000243a35a4790 JavaThread "Unconstrained build operations Thread 80"        [_thread_blocked, id=6392, stack(0x0000005a0a400000,0x0000005a0a500000) (1024K)]
  0x00000243a35acad0 JavaThread "WorkerExecutor Queue Thread 3"        [_thread_blocked, id=580, stack(0x0000005a0a200000,0x0000005a0a300000) (1024K)]
  0x00000243a35b0c70 JavaThread "WorkerExecutor Queue Thread 4"        [_thread_blocked, id=27612, stack(0x0000005a0a500000,0x0000005a0a600000) (1024K)]
  0x00000243a35af8c0 JavaThread "WorkerExecutor Queue Thread 5"        [_thread_blocked, id=23908, stack(0x0000005a0a600000,0x0000005a0a700000) (1024K)]
  0x00000243a35ad7f0 JavaThread "WorkerExecutor Queue Thread 6"        [_thread_blocked, id=14848, stack(0x0000005a0a700000,0x0000005a0a800000) (1024K)]
  0x00000243a35b1300 JavaThread "WorkerExecutor Queue Thread 7"        [_thread_blocked, id=6820, stack(0x0000005a0a800000,0x0000005a0a900000) (1024K)]
  0x00000243a3b62d00 JavaThread "WorkerExecutor Queue Thread 9"        [_thread_blocked, id=18192, stack(0x0000005a0ab00000,0x0000005a0ac00000) (1024K)]
=>0x000002439ceacea0 JavaThread "C2 CompilerThread1"         daemon [_thread_in_native, id=25520, stack(0x0000005a0aa00000,0x0000005a0ab00000) (1024K)]
Total: 144

Other Threads:
  0x00000243ffb5e7a0 VMThread "VM Thread"                           [id=8536, stack(0x0000005a01300000,0x0000005a01400000) (1024K)] _threads_hazard_ptr=0x00000243a2a1ca30
  0x00000243ffaf1800 WatcherThread "VM Periodic Task Thread"        [id=26644, stack(0x0000005a01200000,0x0000005a01300000) (1024K)]
  0x00000243f97b0770 WorkerThread "GC Thread#0"                     [id=14340, stack(0x0000005a00d00000,0x0000005a00e00000) (1024K)]
  0x000002439832ee00 WorkerThread "GC Thread#1"                     [id=10392, stack(0x0000005a01e00000,0x0000005a01f00000) (1024K)]
  0x000002439840ae50 WorkerThread "GC Thread#2"                     [id=6612, stack(0x0000005a01f00000,0x0000005a02000000) (1024K)]
  0x0000024398c3c4d0 WorkerThread "GC Thread#3"                     [id=10256, stack(0x0000005a02000000,0x0000005a02100000) (1024K)]
  0x0000024398c3c870 WorkerThread "GC Thread#4"                     [id=8540, stack(0x0000005a02100000,0x0000005a02200000) (1024K)]
  0x0000024399adaaa0 WorkerThread "GC Thread#5"                     [id=26700, stack(0x0000005a02c00000,0x0000005a02d00000) (1024K)]
  0x0000024399adae40 WorkerThread "GC Thread#6"                     [id=19904, stack(0x0000005a02d00000,0x0000005a02e00000) (1024K)]
  0x0000024399adb1e0 WorkerThread "GC Thread#7"                     [id=496, stack(0x0000005a02e00000,0x0000005a02f00000) (1024K)]
  0x00000243f97c1930 ConcurrentGCThread "G1 Main Marker"            [id=2588, stack(0x0000005a00e00000,0x0000005a00f00000) (1024K)]
  0x00000243f97c45f0 WorkerThread "G1 Conc#0"                       [id=27480, stack(0x0000005a00f00000,0x0000005a01000000) (1024K)]
  0x0000024399adb580 WorkerThread "G1 Conc#1"                       [id=27168, stack(0x0000005a02f00000,0x0000005a03000000) (1024K)]
  0x00000243ff9c43f0 ConcurrentGCThread "G1 Refine#0"               [id=19596, stack(0x0000005a01000000,0x0000005a01100000) (1024K)]
  0x00000243ff9c4e00 ConcurrentGCThread "G1 Service"                [id=29000, stack(0x0000005a01100000,0x0000005a01200000) (1024K)]
Total: 15

Threads with active compile tasks:
C2 CompilerThread0  102242 31186   !   4       java.util.concurrent.ConcurrentHashMap::transfer (849 bytes)
C2 CompilerThread1  102242 31152 %     4       com.android.tools.r8.internal.xc0::b @ 454 (3604 bytes)
Total: 2

VM state: synchronizing (normal execution)

VM Mutex/Monitor currently owned by a thread:  ([mutex/lock_event])
[0x00007ff979938690] Threads_lock - owner thread: 0x00000243ffb5e7a0
[0x00007ff979938790] Heap_lock - owner thread: 0x000002439bcb3490

Heap address: 0x0000000080000000, size: 2048 MB, Compressed Oops mode: 32-bit

CDS archive(s) not mapped
Compressed class space mapped at: 0x0000000100000000-0x0000000140000000, reserved size: 1073741824
Narrow klass base: 0x0000000000000000, Narrow klass shift: 3, Narrow klass range: 0x140000000

GC Precious Log:
 CardTable entry size: 512
 Card Set container configuration: InlinePtr #cards 5 size 8 Array Of Cards #cards 12 size 40 Howl #buckets 4 coarsen threshold 1843 Howl Bitmap #cards 512 size 80 coarsen threshold 460 Card regions per heap region 1 cards per card region 2048
 CPUs: 8 total, 8 available
 Memory: 5965M
 Large Page Support: Disabled
 NUMA Support: Disabled
 Compressed Oops: Enabled (32-bit)
 Heap Region Size: 1M
 Heap Min Capacity: 8M
 Heap Initial Capacity: 94M
 Heap Max Capacity: 2G
 Pre-touch: Disabled
 Parallel Workers: 8
 Concurrent Workers: 2
 Concurrent Refinement Workers: 8
 Periodic GC: Disabled

Heap:
 garbage-first heap   total 629760K, used 307064K [0x0000000080000000, 0x0000000100000000)
  region size 1024K, 30 young (30720K), 8 survivors (8192K)
 Metaspace       used 165270K, committed 167744K, reserved 1245184K
  class space    used 22854K, committed 24064K, reserved 1048576K

Heap Regions: E=young(eden), S=young(survivor), O=old, HS=humongous(starts), HC=humongous(continues), CS=collection set, F=free, TAMS=top-at-mark-start, PB=parsable bottom
|   0|0x0000000080000000, 0x0000000080100000, 0x0000000080100000|100%|HS|  |TAMS 0x0000000080000000| PB 0x0000000080000000| Complete 
|   1|0x0000000080100000, 0x0000000080200000, 0x0000000080200000|100%|HC|  |TAMS 0x0000000080100000| PB 0x0000000080100000| Complete 
|   2|0x0000000080200000, 0x0000000080300000, 0x0000000080300000|100%|HC|  |TAMS 0x0000000080200000| PB 0x0000000080200000| Complete 
|   3|0x0000000080300000, 0x0000000080400000, 0x0000000080400000|100%| O|  |TAMS 0x0000000080300000| PB 0x0000000080300000| Untracked 
|   4|0x0000000080400000, 0x0000000080500000, 0x0000000080500000|100%| O|  |TAMS 0x0000000080400000| PB 0x0000000080400000| Untracked 
|   5|0x0000000080500000, 0x0000000080600000, 0x0000000080600000|100%| O|  |TAMS 0x0000000080500000| PB 0x0000000080500000| Untracked 
|   6|0x0000000080600000, 0x0000000080700000, 0x0000000080700000|100%| O|  |TAMS 0x0000000080600000| PB 0x0000000080600000| Untracked 
|   7|0x0000000080700000, 0x0000000080800000, 0x0000000080800000|100%| O|  |TAMS 0x0000000080700000| PB 0x0000000080700000| Untracked 
|   8|0x0000000080800000, 0x0000000080900000, 0x0000000080900000|100%| O|  |TAMS 0x0000000080800000| PB 0x0000000080800000| Untracked 
|   9|0x0000000080900000, 0x0000000080a00000, 0x0000000080a00000|100%| O|  |TAMS 0x0000000080900000| PB 0x0000000080900000| Untracked 
|  10|0x0000000080a00000, 0x0000000080b00000, 0x0000000080b00000|100%| O|  |TAMS 0x0000000080a00000| PB 0x0000000080a00000| Untracked 
|  11|0x0000000080b00000, 0x0000000080c00000, 0x0000000080c00000|100%|HS|  |TAMS 0x0000000080b00000| PB 0x0000000080b00000| Complete 
|  12|0x0000000080c00000, 0x0000000080d00000, 0x0000000080d00000|100%| O|  |TAMS 0x0000000080c00000| PB 0x0000000080c00000| Untracked 
|  13|0x0000000080d00000, 0x0000000080e00000, 0x0000000080e00000|100%| O|  |TAMS 0x0000000080d00000| PB 0x0000000080d00000| Untracked 
|  14|0x0000000080e00000, 0x0000000080f00000, 0x0000000080f00000|100%| O|  |TAMS 0x0000000080e00000| PB 0x0000000080e00000| Untracked 
|  15|0x0000000080f00000, 0x0000000081000000, 0x0000000081000000|100%|HS|  |TAMS 0x0000000080f00000| PB 0x0000000080f00000| Complete 
|  16|0x0000000081000000, 0x0000000081100000, 0x0000000081100000|100%| O|  |TAMS 0x0000000081000000| PB 0x0000000081000000| Untracked 
|  17|0x0000000081100000, 0x0000000081200000, 0x0000000081200000|100%| O|  |TAMS 0x0000000081100000| PB 0x0000000081100000| Untracked 
|  18|0x0000000081200000, 0x0000000081300000, 0x0000000081300000|100%| O|  |TAMS 0x0000000081200000| PB 0x0000000081200000| Untracked 
|  19|0x0000000081300000, 0x0000000081400000, 0x0000000081400000|100%| O|  |TAMS 0x0000000081300000| PB 0x0000000081300000| Untracked 
|  20|0x0000000081400000, 0x0000000081500000, 0x0000000081500000|100%| O|  |TAMS 0x0000000081400000| PB 0x0000000081400000| Untracked 
|  21|0x0000000081500000, 0x0000000081600000, 0x0000000081600000|100%| O|  |TAMS 0x0000000081500000| PB 0x0000000081500000| Untracked 
|  22|0x0000000081600000, 0x0000000081700000, 0x0000000081700000|100%| O|  |TAMS 0x0000000081600000| PB 0x0000000081600000| Untracked 
|  23|0x0000000081700000, 0x0000000081800000, 0x0000000081800000|100%| O|  |TAMS 0x0000000081700000| PB 0x0000000081700000| Untracked 
|  24|0x0000000081800000, 0x0000000081900000, 0x0000000081900000|100%| O|  |TAMS 0x0000000081800000| PB 0x0000000081800000| Untracked 
|  25|0x0000000081900000, 0x0000000081a00000, 0x0000000081a00000|100%| O|  |TAMS 0x0000000081900000| PB 0x0000000081900000| Untracked 
|  26|0x0000000081a00000, 0x0000000081b00000, 0x0000000081b00000|100%| O|  |TAMS 0x0000000081a00000| PB 0x0000000081a00000| Untracked 
|  27|0x0000000081b00000, 0x0000000081c00000, 0x0000000081c00000|100%| O|  |TAMS 0x0000000081b00000| PB 0x0000000081b00000| Untracked 
|  28|0x0000000081c00000, 0x0000000081d00000, 0x0000000081d00000|100%|HS|  |TAMS 0x0000000081c00000| PB 0x0000000081c00000| Complete 
|  29|0x0000000081d00000, 0x0000000081e00000, 0x0000000081e00000|100%| O|  |TAMS 0x0000000081d00000| PB 0x0000000081d00000| Untracked 
|  30|0x0000000081e00000, 0x0000000081f00000, 0x0000000081f00000|100%| O|  |TAMS 0x0000000081e00000| PB 0x0000000081e00000| Untracked 
|  31|0x0000000081f00000, 0x0000000082000000, 0x0000000082000000|100%| O|  |TAMS 0x0000000081f00000| PB 0x0000000081f00000| Untracked 
|  32|0x0000000082000000, 0x0000000082100000, 0x0000000082100000|100%| O|  |TAMS 0x0000000082000000| PB 0x0000000082000000| Untracked 
|  33|0x0000000082100000, 0x0000000082200000, 0x0000000082200000|100%| O|  |TAMS 0x0000000082100000| PB 0x0000000082100000| Untracked 
|  34|0x0000000082200000, 0x0000000082300000, 0x0000000082300000|100%| O|  |TAMS 0x0000000082200000| PB 0x0000000082200000| Untracked 
|  35|0x0000000082300000, 0x0000000082400000, 0x0000000082400000|100%| O|  |TAMS 0x0000000082300000| PB 0x0000000082300000| Untracked 
|  36|0x0000000082400000, 0x0000000082500000, 0x0000000082500000|100%| O|  |TAMS 0x0000000082400000| PB 0x0000000082400000| Untracked 
|  37|0x0000000082500000, 0x0000000082600000, 0x0000000082600000|100%| O|  |TAMS 0x0000000082500000| PB 0x0000000082500000| Untracked 
|  38|0x0000000082600000, 0x0000000082700000, 0x0000000082700000|100%| O|  |TAMS 0x0000000082600000| PB 0x0000000082600000| Untracked 
|  39|0x0000000082700000, 0x0000000082800000, 0x0000000082800000|100%| O|  |TAMS 0x0000000082700000| PB 0x0000000082700000| Untracked 
|  40|0x0000000082800000, 0x0000000082900000, 0x0000000082900000|100%| O|  |TAMS 0x0000000082800000| PB 0x0000000082800000| Untracked 
|  41|0x0000000082900000, 0x0000000082a00000, 0x0000000082a00000|100%|HS|  |TAMS 0x0000000082900000| PB 0x0000000082900000| Complete 
|  42|0x0000000082a00000, 0x0000000082b00000, 0x0000000082b00000|100%|HC|  |TAMS 0x0000000082a00000| PB 0x0000000082a00000| Complete 
|  43|0x0000000082b00000, 0x0000000082c00000, 0x0000000082c00000|100%| O|  |TAMS 0x0000000082b00000| PB 0x0000000082b00000| Untracked 
|  44|0x0000000082c00000, 0x0000000082d00000, 0x0000000082d00000|100%| O|  |TAMS 0x0000000082c00000| PB 0x0000000082c00000| Untracked 
|  45|0x0000000082d00000, 0x0000000082e00000, 0x0000000082e00000|100%| O|  |TAMS 0x0000000082d00000| PB 0x0000000082d00000| Untracked 
|  46|0x0000000082e00000, 0x0000000082f00000, 0x0000000082f00000|100%| O|  |TAMS 0x0000000082e00000| PB 0x0000000082e00000| Untracked 
|  47|0x0000000082f00000, 0x0000000083000000, 0x0000000083000000|100%| O|  |TAMS 0x0000000082f00000| PB 0x0000000082f00000| Untracked 
|  48|0x0000000083000000, 0x0000000083100000, 0x0000000083100000|100%| O|  |TAMS 0x0000000083000000| PB 0x0000000083000000| Untracked 
|  49|0x0000000083100000, 0x0000000083200000, 0x0000000083200000|100%| O|  |TAMS 0x0000000083100000| PB 0x0000000083100000| Untracked 
|  50|0x0000000083200000, 0x0000000083300000, 0x0000000083300000|100%|HS|  |TAMS 0x0000000083200000| PB 0x0000000083200000| Complete 
|  51|0x0000000083300000, 0x0000000083400000, 0x0000000083400000|100%| O|  |TAMS 0x0000000083300000| PB 0x0000000083300000| Untracked 
|  52|0x0000000083400000, 0x0000000083500000, 0x0000000083500000|100%| O|  |TAMS 0x0000000083400000| PB 0x0000000083400000| Untracked 
|  53|0x0000000083500000, 0x0000000083600000, 0x0000000083600000|100%|HS|  |TAMS 0x0000000083500000| PB 0x0000000083500000| Complete 
|  54|0x0000000083600000, 0x0000000083700000, 0x0000000083700000|100%| O|  |TAMS 0x0000000083600000| PB 0x0000000083600000| Untracked 
|  55|0x0000000083700000, 0x0000000083800000, 0x0000000083800000|100%| O|  |TAMS 0x0000000083700000| PB 0x0000000083700000| Untracked 
|  56|0x0000000083800000, 0x0000000083900000, 0x0000000083900000|100%| O|  |TAMS 0x0000000083800000| PB 0x0000000083800000| Untracked 
|  57|0x0000000083900000, 0x0000000083a00000, 0x0000000083a00000|100%| O|  |TAMS 0x0000000083900000| PB 0x0000000083900000| Untracked 
|  58|0x0000000083a00000, 0x0000000083b00000, 0x0000000083b00000|100%|HS|  |TAMS 0x0000000083a00000| PB 0x0000000083a00000| Complete 
|  59|0x0000000083b00000, 0x0000000083c00000, 0x0000000083c00000|100%| O|  |TAMS 0x0000000083b00000| PB 0x0000000083b00000| Untracked 
|  60|0x0000000083c00000, 0x0000000083d00000, 0x0000000083d00000|100%| O|  |TAMS 0x0000000083c00000| PB 0x0000000083c00000| Untracked 
|  61|0x0000000083d00000, 0x0000000083e00000, 0x0000000083e00000|100%| O|  |TAMS 0x0000000083d00000| PB 0x0000000083d00000| Untracked 
|  62|0x0000000083e00000, 0x0000000083f00000, 0x0000000083f00000|100%| O|  |TAMS 0x0000000083e00000| PB 0x0000000083e00000| Untracked 
|  63|0x0000000083f00000, 0x0000000084000000, 0x0000000084000000|100%| O|  |TAMS 0x0000000083f00000| PB 0x0000000083f00000| Untracked 
|  64|0x0000000084000000, 0x0000000084100000, 0x0000000084100000|100%| O|  |TAMS 0x0000000084000000| PB 0x0000000084000000| Untracked 
|  65|0x0000000084100000, 0x0000000084200000, 0x0000000084200000|100%| O|  |TAMS 0x0000000084100000| PB 0x0000000084100000| Untracked 
|  66|0x0000000084200000, 0x0000000084300000, 0x0000000084300000|100%| O|  |TAMS 0x0000000084200000| PB 0x0000000084200000| Untracked 
|  67|0x0000000084300000, 0x0000000084400000, 0x0000000084400000|100%| O|  |TAMS 0x0000000084300000| PB 0x0000000084300000| Untracked 
|  68|0x0000000084400000, 0x0000000084500000, 0x0000000084500000|100%| O|  |TAMS 0x0000000084400000| PB 0x0000000084400000| Untracked 
|  69|0x0000000084500000, 0x0000000084600000, 0x0000000084600000|100%| O|  |TAMS 0x0000000084500000| PB 0x0000000084500000| Untracked 
|  70|0x0000000084600000, 0x0000000084700000, 0x0000000084700000|100%| O|  |TAMS 0x0000000084600000| PB 0x0000000084600000| Untracked 
|  71|0x0000000084700000, 0x0000000084800000, 0x0000000084800000|100%| O|  |TAMS 0x0000000084700000| PB 0x0000000084700000| Untracked 
|  72|0x0000000084800000, 0x0000000084900000, 0x0000000084900000|100%| O|  |TAMS 0x0000000084800000| PB 0x0000000084800000| Untracked 
|  73|0x0000000084900000, 0x0000000084a00000, 0x0000000084a00000|100%|HS|  |TAMS 0x0000000084900000| PB 0x0000000084900000| Complete 
|  74|0x0000000084a00000, 0x0000000084b00000, 0x0000000084b00000|100%|HC|  |TAMS 0x0000000084a00000| PB 0x0000000084a00000| Complete 
|  75|0x0000000084b00000, 0x0000000084c00000, 0x0000000084c00000|100%|HS|  |TAMS 0x0000000084b00000| PB 0x0000000084b00000| Complete 
|  76|0x0000000084c00000, 0x0000000084d00000, 0x0000000084d00000|100%|HC|  |TAMS 0x0000000084c00000| PB 0x0000000084c00000| Complete 
|  77|0x0000000084d00000, 0x0000000084e00000, 0x0000000084e00000|100%|HS|  |TAMS 0x0000000084d00000| PB 0x0000000084d00000| Complete 
|  78|0x0000000084e00000, 0x0000000084f00000, 0x0000000084f00000|100%| O|  |TAMS 0x0000000084e00000| PB 0x0000000084e00000| Untracked 
|  79|0x0000000084f00000, 0x0000000085000000, 0x0000000085000000|100%| O|  |TAMS 0x0000000084f00000| PB 0x0000000084f00000| Untracked 
|  80|0x0000000085000000, 0x0000000085100000, 0x0000000085100000|100%| O|  |TAMS 0x0000000085000000| PB 0x0000000085000000| Untracked 
|  81|0x0000000085100000, 0x0000000085200000, 0x0000000085200000|100%| O|  |TAMS 0x0000000085100000| PB 0x0000000085100000| Untracked 
|  82|0x0000000085200000, 0x0000000085300000, 0x0000000085300000|100%| O|  |TAMS 0x0000000085200000| PB 0x0000000085200000| Untracked 
|  83|0x0000000085300000, 0x0000000085400000, 0x0000000085400000|100%| O|  |TAMS 0x0000000085300000| PB 0x0000000085300000| Untracked 
|  84|0x0000000085400000, 0x0000000085500000, 0x0000000085500000|100%|HS|  |TAMS 0x0000000085400000| PB 0x0000000085400000| Complete 
|  85|0x0000000085500000, 0x0000000085600000, 0x0000000085600000|100%|HC|  |TAMS 0x0000000085500000| PB 0x0000000085500000| Complete 
|  86|0x0000000085600000, 0x0000000085700000, 0x0000000085700000|100%|HC|  |TAMS 0x0000000085600000| PB 0x0000000085600000| Complete 
|  87|0x0000000085700000, 0x0000000085800000, 0x0000000085800000|100%| O|  |TAMS 0x0000000085700000| PB 0x0000000085700000| Untracked 
|  88|0x0000000085800000, 0x0000000085900000, 0x0000000085900000|100%| O|  |TAMS 0x0000000085800000| PB 0x0000000085800000| Untracked 
|  89|0x0000000085900000, 0x0000000085a00000, 0x0000000085a00000|100%| O|  |TAMS 0x0000000085900000| PB 0x0000000085900000| Untracked 
|  90|0x0000000085a00000, 0x0000000085b00000, 0x0000000085b00000|100%| O|  |TAMS 0x0000000085a00000| PB 0x0000000085a00000| Untracked 
|  91|0x0000000085b00000, 0x0000000085c00000, 0x0000000085c00000|100%| O|  |TAMS 0x0000000085b00000| PB 0x0000000085b00000| Untracked 
|  92|0x0000000085c00000, 0x0000000085d00000, 0x0000000085d00000|100%| O|  |TAMS 0x0000000085c00000| PB 0x0000000085c00000| Untracked 
|  93|0x0000000085d00000, 0x0000000085e00000, 0x0000000085e00000|100%| O|  |TAMS 0x0000000085d00000| PB 0x0000000085d00000| Untracked 
|  94|0x0000000085e00000, 0x0000000085f00000, 0x0000000085f00000|100%| O|  |TAMS 0x0000000085e00000| PB 0x0000000085e00000| Untracked 
|  95|0x0000000085f00000, 0x0000000086000000, 0x0000000086000000|100%|HS|  |TAMS 0x0000000085f00000| PB 0x0000000085f00000| Complete 
|  96|0x0000000086000000, 0x0000000086100000, 0x0000000086100000|100%| O|  |TAMS 0x0000000086000000| PB 0x0000000086000000| Untracked 
|  97|0x0000000086100000, 0x0000000086200000, 0x0000000086200000|100%| O|  |TAMS 0x0000000086100000| PB 0x0000000086100000| Untracked 
|  98|0x0000000086200000, 0x0000000086300000, 0x0000000086300000|100%| O|  |TAMS 0x0000000086200000| PB 0x0000000086200000| Untracked 
|  99|0x0000000086300000, 0x0000000086400000, 0x0000000086400000|100%| O|  |TAMS 0x0000000086300000| PB 0x0000000086300000| Untracked 
| 100|0x0000000086400000, 0x0000000086500000, 0x0000000086500000|100%| O|  |TAMS 0x0000000086400000| PB 0x0000000086400000| Untracked 
| 101|0x0000000086500000, 0x0000000086600000, 0x0000000086600000|100%| O|  |TAMS 0x0000000086500000| PB 0x0000000086500000| Untracked 
| 102|0x0000000086600000, 0x0000000086700000, 0x0000000086700000|100%| O|  |TAMS 0x0000000086600000| PB 0x0000000086600000| Untracked 
| 103|0x0000000086700000, 0x0000000086800000, 0x0000000086800000|100%| O|  |TAMS 0x0000000086700000| PB 0x0000000086700000| Untracked 
| 104|0x0000000086800000, 0x0000000086900000, 0x0000000086900000|100%|HS|  |TAMS 0x0000000086800000| PB 0x0000000086800000| Complete 
| 105|0x0000000086900000, 0x0000000086a00000, 0x0000000086a00000|100%|HC|  |TAMS 0x0000000086900000| PB 0x0000000086900000| Complete 
| 106|0x0000000086a00000, 0x0000000086b00000, 0x0000000086b00000|100%|HC|  |TAMS 0x0000000086a00000| PB 0x0000000086a00000| Complete 
| 107|0x0000000086b00000, 0x0000000086c00000, 0x0000000086c00000|100%| O|  |TAMS 0x0000000086b00000| PB 0x0000000086b00000| Untracked 
| 108|0x0000000086c00000, 0x0000000086d00000, 0x0000000086d00000|100%| O|  |TAMS 0x0000000086c00000| PB 0x0000000086c00000| Untracked 
| 109|0x0000000086d00000, 0x0000000086e00000, 0x0000000086e00000|100%| O|  |TAMS 0x0000000086d00000| PB 0x0000000086d00000| Untracked 
| 110|0x0000000086e00000, 0x0000000086f00000, 0x0000000086f00000|100%| O|  |TAMS 0x0000000086e00000| PB 0x0000000086e00000| Untracked 
| 111|0x0000000086f00000, 0x0000000087000000, 0x0000000087000000|100%| O|  |TAMS 0x0000000086f00000| PB 0x0000000086f00000| Untracked 
| 112|0x0000000087000000, 0x0000000087100000, 0x0000000087100000|100%| O|  |TAMS 0x0000000087000000| PB 0x0000000087000000| Untracked 
| 113|0x0000000087100000, 0x0000000087200000, 0x0000000087200000|100%| O|  |TAMS 0x0000000087100000| PB 0x0000000087100000| Untracked 
| 114|0x0000000087200000, 0x0000000087300000, 0x0000000087300000|100%| O|  |TAMS 0x0000000087200000| PB 0x0000000087200000| Untracked 
| 115|0x0000000087300000, 0x0000000087400000, 0x0000000087400000|100%| O|  |TAMS 0x0000000087300000| PB 0x0000000087300000| Untracked 
| 116|0x0000000087400000, 0x0000000087500000, 0x0000000087500000|100%| O|  |TAMS 0x0000000087400000| PB 0x0000000087400000| Untracked 
| 117|0x0000000087500000, 0x0000000087600000, 0x0000000087600000|100%| O|  |TAMS 0x0000000087500000| PB 0x0000000087500000| Untracked 
| 118|0x0000000087600000, 0x0000000087700000, 0x0000000087700000|100%| O|  |TAMS 0x0000000087600000| PB 0x0000000087600000| Untracked 
| 119|0x0000000087700000, 0x0000000087800000, 0x0000000087800000|100%| O|  |TAMS 0x0000000087700000| PB 0x0000000087700000| Untracked 
| 120|0x0000000087800000, 0x0000000087900000, 0x0000000087900000|100%| O|  |TAMS 0x0000000087800000| PB 0x0000000087800000| Untracked 
| 121|0x0000000087900000, 0x0000000087a00000, 0x0000000087a00000|100%| O|  |TAMS 0x0000000087900000| PB 0x0000000087900000| Untracked 
| 122|0x0000000087a00000, 0x0000000087b00000, 0x0000000087b00000|100%| O|  |TAMS 0x0000000087a00000| PB 0x0000000087a00000| Untracked 
| 123|0x0000000087b00000, 0x0000000087c00000, 0x0000000087c00000|100%| O|  |TAMS 0x0000000087b00000| PB 0x0000000087b00000| Untracked 
| 124|0x0000000087c00000, 0x0000000087d00000, 0x0000000087d00000|100%| O|  |TAMS 0x0000000087c00000| PB 0x0000000087c00000| Untracked 
| 125|0x0000000087d00000, 0x0000000087e00000, 0x0000000087e00000|100%| O|  |TAMS 0x0000000087d00000| PB 0x0000000087d00000| Untracked 
| 126|0x0000000087e00000, 0x0000000087f00000, 0x0000000087f00000|100%| O|  |TAMS 0x0000000087e00000| PB 0x0000000087e00000| Untracked 
| 127|0x0000000087f00000, 0x0000000088000000, 0x0000000088000000|100%| O|  |TAMS 0x0000000087f00000| PB 0x0000000087f00000| Untracked 
| 128|0x0000000088000000, 0x0000000088100000, 0x0000000088100000|100%| O|  |TAMS 0x0000000088000000| PB 0x0000000088000000| Untracked 
| 129|0x0000000088100000, 0x0000000088200000, 0x0000000088200000|100%| O|  |TAMS 0x0000000088100000| PB 0x0000000088100000| Untracked 
| 130|0x0000000088200000, 0x0000000088300000, 0x0000000088300000|100%| O|  |TAMS 0x0000000088200000| PB 0x0000000088200000| Untracked 
| 131|0x0000000088300000, 0x0000000088400000, 0x0000000088400000|100%| O|  |TAMS 0x0000000088300000| PB 0x0000000088300000| Untracked 
| 132|0x0000000088400000, 0x0000000088500000, 0x0000000088500000|100%| O|  |TAMS 0x0000000088400000| PB 0x0000000088400000| Untracked 
| 133|0x0000000088500000, 0x0000000088600000, 0x0000000088600000|100%| O|  |TAMS 0x0000000088500000| PB 0x0000000088500000| Untracked 
| 134|0x0000000088600000, 0x0000000088700000, 0x0000000088700000|100%| O|  |TAMS 0x0000000088600000| PB 0x0000000088600000| Untracked 
| 135|0x0000000088700000, 0x0000000088800000, 0x0000000088800000|100%| O|  |TAMS 0x0000000088700000| PB 0x0000000088700000| Untracked 
| 136|0x0000000088800000, 0x0000000088900000, 0x0000000088900000|100%| O|  |TAMS 0x0000000088800000| PB 0x0000000088800000| Untracked 
| 137|0x0000000088900000, 0x0000000088a00000, 0x0000000088a00000|100%| O|  |TAMS 0x0000000088900000| PB 0x0000000088900000| Untracked 
| 138|0x0000000088a00000, 0x0000000088b00000, 0x0000000088b00000|100%| O|  |TAMS 0x0000000088a00000| PB 0x0000000088a00000| Untracked 
| 139|0x0000000088b00000, 0x0000000088c00000, 0x0000000088c00000|100%| O|  |TAMS 0x0000000088b00000| PB 0x0000000088b00000| Untracked 
| 140|0x0000000088c00000, 0x0000000088d00000, 0x0000000088d00000|100%| O|  |TAMS 0x0000000088c00000| PB 0x0000000088c00000| Untracked 
| 141|0x0000000088d00000, 0x0000000088e00000, 0x0000000088e00000|100%| O|  |TAMS 0x0000000088d00000| PB 0x0000000088d00000| Untracked 
| 142|0x0000000088e00000, 0x0000000088f00000, 0x0000000088f00000|100%| O|  |TAMS 0x0000000088e00000| PB 0x0000000088e00000| Untracked 
| 143|0x0000000088f00000, 0x0000000089000000, 0x0000000089000000|100%| O|  |TAMS 0x0000000088f00000| PB 0x0000000088f00000| Untracked 
| 144|0x0000000089000000, 0x0000000089100000, 0x0000000089100000|100%| O|  |TAMS 0x0000000089000000| PB 0x0000000089000000| Untracked 
| 145|0x0000000089100000, 0x0000000089200000, 0x0000000089200000|100%| O|  |TAMS 0x0000000089100000| PB 0x0000000089100000| Untracked 
| 146|0x0000000089200000, 0x0000000089300000, 0x0000000089300000|100%| O|  |TAMS 0x0000000089200000| PB 0x0000000089200000| Untracked 
| 147|0x0000000089300000, 0x0000000089400000, 0x0000000089400000|100%| O|  |TAMS 0x0000000089300000| PB 0x0000000089300000| Untracked 
| 148|0x0000000089400000, 0x0000000089500000, 0x0000000089500000|100%| O|  |TAMS 0x0000000089400000| PB 0x0000000089400000| Untracked 
| 149|0x0000000089500000, 0x0000000089600000, 0x0000000089600000|100%| O|  |TAMS 0x0000000089500000| PB 0x0000000089500000| Untracked 
| 150|0x0000000089600000, 0x0000000089700000, 0x0000000089700000|100%| O|  |TAMS 0x0000000089600000| PB 0x0000000089600000| Untracked 
| 151|0x0000000089700000, 0x0000000089800000, 0x0000000089800000|100%| O|  |TAMS 0x0000000089700000| PB 0x0000000089700000| Untracked 
| 152|0x0000000089800000, 0x0000000089900000, 0x0000000089900000|100%| O|  |TAMS 0x0000000089800000| PB 0x0000000089800000| Untracked 
| 153|0x0000000089900000, 0x0000000089a00000, 0x0000000089a00000|100%| O|  |TAMS 0x0000000089900000| PB 0x0000000089900000| Untracked 
| 154|0x0000000089a00000, 0x0000000089b00000, 0x0000000089b00000|100%| O|  |TAMS 0x0000000089a00000| PB 0x0000000089a00000| Untracked 
| 155|0x0000000089b00000, 0x0000000089c00000, 0x0000000089c00000|100%| O|  |TAMS 0x0000000089b00000| PB 0x0000000089b00000| Untracked 
| 156|0x0000000089c00000, 0x0000000089d00000, 0x0000000089d00000|100%| O|  |TAMS 0x0000000089c00000| PB 0x0000000089c00000| Untracked 
| 157|0x0000000089d00000, 0x0000000089e00000, 0x0000000089e00000|100%| O|  |TAMS 0x0000000089d00000| PB 0x0000000089d00000| Untracked 
| 158|0x0000000089e00000, 0x0000000089f00000, 0x0000000089f00000|100%| O|  |TAMS 0x0000000089e00000| PB 0x0000000089e00000| Untracked 
| 159|0x0000000089f00000, 0x000000008a000000, 0x000000008a000000|100%| O|  |TAMS 0x0000000089f00000| PB 0x0000000089f00000| Untracked 
| 160|0x000000008a000000, 0x000000008a100000, 0x000000008a100000|100%| O|  |TAMS 0x000000008a000000| PB 0x000000008a000000| Untracked 
| 161|0x000000008a100000, 0x000000008a200000, 0x000000008a200000|100%| O|  |TAMS 0x000000008a100000| PB 0x000000008a100000| Untracked 
| 162|0x000000008a200000, 0x000000008a300000, 0x000000008a300000|100%| O|  |TAMS 0x000000008a200000| PB 0x000000008a200000| Untracked 
| 163|0x000000008a300000, 0x000000008a400000, 0x000000008a400000|100%| O|  |TAMS 0x000000008a300000| PB 0x000000008a300000| Untracked 
| 164|0x000000008a400000, 0x000000008a500000, 0x000000008a500000|100%| O|  |TAMS 0x000000008a400000| PB 0x000000008a400000| Untracked 
| 165|0x000000008a500000, 0x000000008a600000, 0x000000008a600000|100%| O|  |TAMS 0x000000008a500000| PB 0x000000008a500000| Untracked 
| 166|0x000000008a600000, 0x000000008a700000, 0x000000008a700000|100%| O|  |TAMS 0x000000008a600000| PB 0x000000008a600000| Untracked 
| 167|0x000000008a700000, 0x000000008a800000, 0x000000008a800000|100%| O|  |TAMS 0x000000008a700000| PB 0x000000008a700000| Untracked 
| 168|0x000000008a800000, 0x000000008a900000, 0x000000008a900000|100%| O|  |TAMS 0x000000008a800000| PB 0x000000008a800000| Untracked 
| 169|0x000000008a900000, 0x000000008aa00000, 0x000000008aa00000|100%| O|  |TAMS 0x000000008a900000| PB 0x000000008a900000| Untracked 
| 170|0x000000008aa00000, 0x000000008ab00000, 0x000000008ab00000|100%| O|  |TAMS 0x000000008aa00000| PB 0x000000008aa00000| Untracked 
| 171|0x000000008ab00000, 0x000000008ac00000, 0x000000008ac00000|100%| O|  |TAMS 0x000000008ab00000| PB 0x000000008ab00000| Untracked 
| 172|0x000000008ac00000, 0x000000008ad00000, 0x000000008ad00000|100%| O|  |TAMS 0x000000008ac00000| PB 0x000000008ac00000| Untracked 
| 173|0x000000008ad00000, 0x000000008ae00000, 0x000000008ae00000|100%| O|  |TAMS 0x000000008ad00000| PB 0x000000008ad00000| Untracked 
| 174|0x000000008ae00000, 0x000000008af00000, 0x000000008af00000|100%| O|Cm|TAMS 0x000000008ae00000| PB 0x000000008ae00000| Complete 
| 175|0x000000008af00000, 0x000000008b000000, 0x000000008b000000|100%| O|  |TAMS 0x000000008af00000| PB 0x000000008af00000| Untracked 
| 176|0x000000008b000000, 0x000000008b100000, 0x000000008b100000|100%| O|  |TAMS 0x000000008b000000| PB 0x000000008b000000| Untracked 
| 177|0x000000008b100000, 0x000000008b200000, 0x000000008b200000|100%| O|  |TAMS 0x000000008b100000| PB 0x000000008b100000| Untracked 
| 178|0x000000008b200000, 0x000000008b300000, 0x000000008b300000|100%| O|  |TAMS 0x000000008b200000| PB 0x000000008b200000| Untracked 
| 179|0x000000008b300000, 0x000000008b400000, 0x000000008b400000|100%| O|  |TAMS 0x000000008b300000| PB 0x000000008b300000| Untracked 
| 180|0x000000008b400000, 0x000000008b500000, 0x000000008b500000|100%| O|  |TAMS 0x000000008b400000| PB 0x000000008b400000| Untracked 
| 181|0x000000008b500000, 0x000000008b600000, 0x000000008b600000|100%| O|  |TAMS 0x000000008b500000| PB 0x000000008b500000| Untracked 
| 182|0x000000008b600000, 0x000000008b700000, 0x000000008b700000|100%| O|  |TAMS 0x000000008b600000| PB 0x000000008b600000| Untracked 
| 183|0x000000008b700000, 0x000000008b800000, 0x000000008b800000|100%| O|  |TAMS 0x000000008b700000| PB 0x000000008b700000| Untracked 
| 184|0x000000008b800000, 0x000000008b900000, 0x000000008b900000|100%| O|  |TAMS 0x000000008b800000| PB 0x000000008b800000| Untracked 
| 185|0x000000008b900000, 0x000000008ba00000, 0x000000008ba00000|100%| O|Cm|TAMS 0x000000008b900000| PB 0x000000008b900000| Complete 
| 186|0x000000008ba00000, 0x000000008bb00000, 0x000000008bb00000|100%| O|  |TAMS 0x000000008ba00000| PB 0x000000008ba00000| Untracked 
| 187|0x000000008bb00000, 0x000000008bc00000, 0x000000008bc00000|100%| O|  |TAMS 0x000000008bb00000| PB 0x000000008bb00000| Untracked 
| 188|0x000000008bc00000, 0x000000008bd00000, 0x000000008bd00000|100%| O|  |TAMS 0x000000008bc00000| PB 0x000000008bc00000| Untracked 
| 189|0x000000008bd00000, 0x000000008be00000, 0x000000008be00000|100%| O|  |TAMS 0x000000008bd00000| PB 0x000000008bd00000| Untracked 
| 190|0x000000008be00000, 0x000000008bf00000, 0x000000008bf00000|100%| O|  |TAMS 0x000000008be00000| PB 0x000000008be00000| Untracked 
| 191|0x000000008bf00000, 0x000000008c000000, 0x000000008c000000|100%| O|  |TAMS 0x000000008bf00000| PB 0x000000008bf00000| Untracked 
| 192|0x000000008c000000, 0x000000008c100000, 0x000000008c100000|100%| O|  |TAMS 0x000000008c000000| PB 0x000000008c000000| Untracked 
| 193|0x000000008c100000, 0x000000008c200000, 0x000000008c200000|100%| O|  |TAMS 0x000000008c100000| PB 0x000000008c100000| Untracked 
| 194|0x000000008c200000, 0x000000008c300000, 0x000000008c300000|100%| O|  |TAMS 0x000000008c200000| PB 0x000000008c200000| Untracked 
| 195|0x000000008c300000, 0x000000008c400000, 0x000000008c400000|100%| O|  |TAMS 0x000000008c300000| PB 0x000000008c300000| Untracked 
| 196|0x000000008c400000, 0x000000008c500000, 0x000000008c500000|100%| O|  |TAMS 0x000000008c400000| PB 0x000000008c400000| Untracked 
| 197|0x000000008c500000, 0x000000008c600000, 0x000000008c600000|100%| O|  |TAMS 0x000000008c500000| PB 0x000000008c500000| Untracked 
| 198|0x000000008c600000, 0x000000008c700000, 0x000000008c700000|100%| O|  |TAMS 0x000000008c600000| PB 0x000000008c600000| Untracked 
| 199|0x000000008c700000, 0x000000008c800000, 0x000000008c800000|100%| O|  |TAMS 0x000000008c700000| PB 0x000000008c700000| Untracked 
| 200|0x000000008c800000, 0x000000008c900000, 0x000000008c900000|100%| O|  |TAMS 0x000000008c800000| PB 0x000000008c800000| Untracked 
| 201|0x000000008c900000, 0x000000008ca00000, 0x000000008ca00000|100%| O|  |TAMS 0x000000008c900000| PB 0x000000008c900000| Untracked 
| 202|0x000000008ca00000, 0x000000008cb00000, 0x000000008cb00000|100%| O|  |TAMS 0x000000008ca00000| PB 0x000000008ca00000| Untracked 
| 203|0x000000008cb00000, 0x000000008cc00000, 0x000000008cc00000|100%| O|  |TAMS 0x000000008cb00000| PB 0x000000008cb00000| Untracked 
| 204|0x000000008cc00000, 0x000000008cd00000, 0x000000008cd00000|100%| O|  |TAMS 0x000000008cc00000| PB 0x000000008cc00000| Untracked 
| 205|0x000000008cd00000, 0x000000008ce00000, 0x000000008ce00000|100%| O|  |TAMS 0x000000008cd00000| PB 0x000000008cd00000| Untracked 
| 206|0x000000008ce00000, 0x000000008cf00000, 0x000000008cf00000|100%| O|  |TAMS 0x000000008ce00000| PB 0x000000008ce00000| Untracked 
| 207|0x000000008cf00000, 0x000000008d000000, 0x000000008d000000|100%| O|  |TAMS 0x000000008cf00000| PB 0x000000008cf00000| Untracked 
| 208|0x000000008d000000, 0x000000008d100000, 0x000000008d100000|100%| O|  |TAMS 0x000000008d000000| PB 0x000000008d000000| Untracked 
| 209|0x000000008d100000, 0x000000008d200000, 0x000000008d200000|100%| O|  |TAMS 0x000000008d100000| PB 0x000000008d100000| Untracked 
| 210|0x000000008d200000, 0x000000008d300000, 0x000000008d300000|100%| O|  |TAMS 0x000000008d200000| PB 0x000000008d200000| Untracked 
| 211|0x000000008d300000, 0x000000008d400000, 0x000000008d400000|100%| O|  |TAMS 0x000000008d300000| PB 0x000000008d300000| Untracked 
| 212|0x000000008d400000, 0x000000008d4b1448, 0x000000008d500000| 69%| O|  |TAMS 0x000000008d400000| PB 0x000000008d400000| Untracked 
| 213|0x000000008d500000, 0x000000008d600000, 0x000000008d600000|100%| O|  |TAMS 0x000000008d500000| PB 0x000000008d500000| Untracked 
| 214|0x000000008d600000, 0x000000008d700000, 0x000000008d700000|100%| O|  |TAMS 0x000000008d600000| PB 0x000000008d600000| Untracked 
| 215|0x000000008d700000, 0x000000008d800000, 0x000000008d800000|100%| O|  |TAMS 0x000000008d700000| PB 0x000000008d700000| Untracked 
| 216|0x000000008d800000, 0x000000008d900000, 0x000000008d900000|100%| O|  |TAMS 0x000000008d800000| PB 0x000000008d800000| Untracked 
| 217|0x000000008d900000, 0x000000008da00000, 0x000000008da00000|100%| O|  |TAMS 0x000000008d900000| PB 0x000000008d900000| Untracked 
| 218|0x000000008da00000, 0x000000008db00000, 0x000000008db00000|100%| O|  |TAMS 0x000000008da00000| PB 0x000000008da00000| Untracked 
| 219|0x000000008db00000, 0x000000008db30600, 0x000000008dc00000| 18%| O|  |TAMS 0x000000008db00000| PB 0x000000008db00000| Untracked 
| 220|0x000000008dc00000, 0x000000008dd00000, 0x000000008dd00000|100%| O|  |TAMS 0x000000008dc00000| PB 0x000000008dc00000| Untracked 
| 221|0x000000008dd00000, 0x000000008de00000, 0x000000008de00000|100%| O|  |TAMS 0x000000008dd00000| PB 0x000000008dd00000| Untracked 
| 222|0x000000008de00000, 0x000000008df00000, 0x000000008df00000|100%| O|  |TAMS 0x000000008de00000| PB 0x000000008de00000| Untracked 
| 223|0x000000008df00000, 0x000000008e000000, 0x000000008e000000|100%| O|  |TAMS 0x000000008df00000| PB 0x000000008df00000| Untracked 
| 224|0x000000008e000000, 0x000000008e100000, 0x000000008e100000|100%| O|Cm|TAMS 0x000000008e000000| PB 0x000000008e000000| Complete 
| 225|0x000000008e100000, 0x000000008e200000, 0x000000008e200000|100%| O|  |TAMS 0x000000008e100000| PB 0x000000008e100000| Untracked 
| 226|0x000000008e200000, 0x000000008e300000, 0x000000008e300000|100%| O|  |TAMS 0x000000008e200000| PB 0x000000008e200000| Untracked 
| 227|0x000000008e300000, 0x000000008e400000, 0x000000008e400000|100%| O|  |TAMS 0x000000008e300000| PB 0x000000008e300000| Untracked 
| 228|0x000000008e400000, 0x000000008e500000, 0x000000008e500000|100%| O|Cm|TAMS 0x000000008e400000| PB 0x000000008e400000| Complete 
| 229|0x000000008e500000, 0x000000008e600000, 0x000000008e600000|100%| O|  |TAMS 0x000000008e500000| PB 0x000000008e500000| Untracked 
| 230|0x000000008e600000, 0x000000008e700000, 0x000000008e700000|100%| O|  |TAMS 0x000000008e600000| PB 0x000000008e600000| Untracked 
| 231|0x000000008e700000, 0x000000008e800000, 0x000000008e800000|100%| O|  |TAMS 0x000000008e700000| PB 0x000000008e700000| Untracked 
| 232|0x000000008e800000, 0x000000008e900000, 0x000000008e900000|100%| O|  |TAMS 0x000000008e800000| PB 0x000000008e800000| Untracked 
| 233|0x000000008e900000, 0x000000008ea00000, 0x000000008ea00000|100%| O|  |TAMS 0x000000008e900000| PB 0x000000008e900000| Untracked 
| 234|0x000000008ea00000, 0x000000008eb00000, 0x000000008eb00000|100%| O|  |TAMS 0x000000008ea00000| PB 0x000000008ea00000| Untracked 
| 235|0x000000008eb00000, 0x000000008ec00000, 0x000000008ec00000|100%| O|  |TAMS 0x000000008eb00000| PB 0x000000008eb00000| Untracked 
| 236|0x000000008ec00000, 0x000000008ed00000, 0x000000008ed00000|100%| O|  |TAMS 0x000000008ec00000| PB 0x000000008ec00000| Untracked 
| 237|0x000000008ed00000, 0x000000008ee00000, 0x000000008ee00000|100%| O|  |TAMS 0x000000008ed00000| PB 0x000000008ed00000| Untracked 
| 238|0x000000008ee00000, 0x000000008ef00000, 0x000000008ef00000|100%| O|Cm|TAMS 0x000000008ee00000| PB 0x000000008ee00000| Complete 
| 239|0x000000008ef00000, 0x000000008f000000, 0x000000008f000000|100%| O|  |TAMS 0x000000008ef00000| PB 0x000000008ef00000| Untracked 
| 240|0x000000008f000000, 0x000000008f100000, 0x000000008f100000|100%| O|  |TAMS 0x000000008f000000| PB 0x000000008f000000| Untracked 
| 241|0x000000008f100000, 0x000000008f200000, 0x000000008f200000|100%| O|  |TAMS 0x000000008f100000| PB 0x000000008f100000| Untracked 
| 242|0x000000008f200000, 0x000000008f300000, 0x000000008f300000|100%| O|  |TAMS 0x000000008f200000| PB 0x000000008f200000| Untracked 
| 243|0x000000008f300000, 0x000000008f400000, 0x000000008f400000|100%| O|Cm|TAMS 0x000000008f300000| PB 0x000000008f300000| Complete 
| 244|0x000000008f400000, 0x000000008f500000, 0x000000008f500000|100%| O|  |TAMS 0x000000008f400000| PB 0x000000008f400000| Untracked 
| 245|0x000000008f500000, 0x000000008f600000, 0x000000008f600000|100%| O|  |TAMS 0x000000008f500000| PB 0x000000008f500000| Untracked 
| 246|0x000000008f600000, 0x000000008f700000, 0x000000008f700000|100%| O|  |TAMS 0x000000008f600000| PB 0x000000008f600000| Untracked 
| 247|0x000000008f700000, 0x000000008f800000, 0x000000008f800000|100%| O|  |TAMS 0x000000008f700000| PB 0x000000008f700000| Untracked 
| 248|0x000000008f800000, 0x000000008f900000, 0x000000008f900000|100%| O|  |TAMS 0x000000008f800000| PB 0x000000008f800000| Untracked 
| 249|0x000000008f900000, 0x000000008f9deba0, 0x000000008fa00000| 87%| O|  |TAMS 0x000000008f900000| PB 0x000000008f900000| Untracked 
| 250|0x000000008fa00000, 0x000000008fa00000, 0x000000008fb00000|  0%| F|  |TAMS 0x000000008fa00000| PB 0x000000008fa00000| Untracked 
| 251|0x000000008fb00000, 0x000000008fb00000, 0x000000008fc00000|  0%| F|  |TAMS 0x000000008fb00000| PB 0x000000008fb00000| Untracked 
| 252|0x000000008fc00000, 0x000000008fc00000, 0x000000008fd00000|  0%| F|  |TAMS 0x000000008fc00000| PB 0x000000008fc00000| Untracked 
| 253|0x000000008fd00000, 0x000000008fd00000, 0x000000008fe00000|  0%| F|  |TAMS 0x000000008fd00000| PB 0x000000008fd00000| Untracked 
| 254|0x000000008fe00000, 0x000000008ff00000, 0x000000008ff00000|100%| O|  |TAMS 0x000000008fe00000| PB 0x000000008fe00000| Untracked 
| 255|0x000000008ff00000, 0x0000000090000000, 0x0000000090000000|100%| O|  |TAMS 0x000000008ff00000| PB 0x000000008ff00000| Untracked 
| 256|0x0000000090000000, 0x0000000090100000, 0x0000000090100000|100%| O|  |TAMS 0x0000000090000000| PB 0x0000000090000000| Untracked 
| 257|0x0000000090100000, 0x0000000090200000, 0x0000000090200000|100%| O|  |TAMS 0x0000000090100000| PB 0x0000000090100000| Untracked 
| 258|0x0000000090200000, 0x0000000090300000, 0x0000000090300000|100%| O|Cm|TAMS 0x0000000090200000| PB 0x0000000090200000| Complete 
| 259|0x0000000090300000, 0x0000000090300000, 0x0000000090400000|  0%| F|  |TAMS 0x0000000090300000| PB 0x0000000090300000| Untracked 
| 260|0x0000000090400000, 0x0000000090400000, 0x0000000090500000|  0%| F|  |TAMS 0x0000000090400000| PB 0x0000000090400000| Untracked 
| 261|0x0000000090500000, 0x0000000090500000, 0x0000000090600000|  0%| F|  |TAMS 0x0000000090500000| PB 0x0000000090500000| Untracked 
| 262|0x0000000090600000, 0x0000000090600000, 0x0000000090700000|  0%| F|  |TAMS 0x0000000090600000| PB 0x0000000090600000| Untracked 
| 263|0x0000000090700000, 0x0000000090700000, 0x0000000090800000|  0%| F|  |TAMS 0x0000000090700000| PB 0x0000000090700000| Untracked 
| 264|0x0000000090800000, 0x0000000090800000, 0x0000000090900000|  0%| F|  |TAMS 0x0000000090800000| PB 0x0000000090800000| Untracked 
| 265|0x0000000090900000, 0x0000000090900000, 0x0000000090a00000|  0%| F|  |TAMS 0x0000000090900000| PB 0x0000000090900000| Untracked 
| 266|0x0000000090a00000, 0x0000000090a00000, 0x0000000090b00000|  0%| F|  |TAMS 0x0000000090a00000| PB 0x0000000090a00000| Untracked 
| 267|0x0000000090b00000, 0x0000000090b00000, 0x0000000090c00000|  0%| F|  |TAMS 0x0000000090b00000| PB 0x0000000090b00000| Untracked 
| 268|0x0000000090c00000, 0x0000000090c00000, 0x0000000090d00000|  0%| F|  |TAMS 0x0000000090c00000| PB 0x0000000090c00000| Untracked 
| 269|0x0000000090d00000, 0x0000000090d00000, 0x0000000090e00000|  0%| F|  |TAMS 0x0000000090d00000| PB 0x0000000090d00000| Untracked 
| 270|0x0000000090e00000, 0x0000000090e00000, 0x0000000090f00000|  0%| F|  |TAMS 0x0000000090e00000| PB 0x0000000090e00000| Untracked 
| 271|0x0000000090f00000, 0x0000000090f00000, 0x0000000091000000|  0%| F|  |TAMS 0x0000000090f00000| PB 0x0000000090f00000| Untracked 
| 272|0x0000000091000000, 0x0000000091000000, 0x0000000091100000|  0%| F|  |TAMS 0x0000000091000000| PB 0x0000000091000000| Untracked 
| 273|0x0000000091100000, 0x0000000091100000, 0x0000000091200000|  0%| F|  |TAMS 0x0000000091100000| PB 0x0000000091100000| Untracked 
| 274|0x0000000091200000, 0x0000000091200000, 0x0000000091300000|  0%| F|  |TAMS 0x0000000091200000| PB 0x0000000091200000| Untracked 
| 275|0x0000000091300000, 0x0000000091300000, 0x0000000091400000|  0%| F|  |TAMS 0x0000000091300000| PB 0x0000000091300000| Untracked 
| 276|0x0000000091400000, 0x0000000091400000, 0x0000000091500000|  0%| F|  |TAMS 0x0000000091400000| PB 0x0000000091400000| Untracked 
| 277|0x0000000091500000, 0x0000000091500000, 0x0000000091600000|  0%| F|  |TAMS 0x0000000091500000| PB 0x0000000091500000| Untracked 
| 278|0x0000000091600000, 0x0000000091600000, 0x0000000091700000|  0%| F|  |TAMS 0x0000000091600000| PB 0x0000000091600000| Untracked 
| 279|0x0000000091700000, 0x0000000091700000, 0x0000000091800000|  0%| F|  |TAMS 0x0000000091700000| PB 0x0000000091700000| Untracked 
| 280|0x0000000091800000, 0x0000000091800000, 0x0000000091900000|  0%| F|  |TAMS 0x0000000091800000| PB 0x0000000091800000| Untracked 
| 281|0x0000000091900000, 0x0000000091900000, 0x0000000091a00000|  0%| F|  |TAMS 0x0000000091900000| PB 0x0000000091900000| Untracked 
| 282|0x0000000091a00000, 0x0000000091a00000, 0x0000000091b00000|  0%| F|  |TAMS 0x0000000091a00000| PB 0x0000000091a00000| Untracked 
| 283|0x0000000091b00000, 0x0000000091b00000, 0x0000000091c00000|  0%| F|  |TAMS 0x0000000091b00000| PB 0x0000000091b00000| Untracked 
| 284|0x0000000091c00000, 0x0000000091c00000, 0x0000000091d00000|  0%| F|  |TAMS 0x0000000091c00000| PB 0x0000000091c00000| Untracked 
| 285|0x0000000091d00000, 0x0000000091d00000, 0x0000000091e00000|  0%| F|  |TAMS 0x0000000091d00000| PB 0x0000000091d00000| Untracked 
| 286|0x0000000091e00000, 0x0000000091e00000, 0x0000000091f00000|  0%| F|  |TAMS 0x0000000091e00000| PB 0x0000000091e00000| Untracked 
| 287|0x0000000091f00000, 0x0000000091f00000, 0x0000000092000000|  0%| F|  |TAMS 0x0000000091f00000| PB 0x0000000091f00000| Untracked 
| 288|0x0000000092000000, 0x0000000092000000, 0x0000000092100000|  0%| F|  |TAMS 0x0000000092000000| PB 0x0000000092000000| Untracked 
| 289|0x0000000092100000, 0x0000000092100000, 0x0000000092200000|  0%| F|  |TAMS 0x0000000092100000| PB 0x0000000092100000| Untracked 
| 290|0x0000000092200000, 0x0000000092200000, 0x0000000092300000|  0%| F|  |TAMS 0x0000000092200000| PB 0x0000000092200000| Untracked 
| 291|0x0000000092300000, 0x0000000092300000, 0x0000000092400000|  0%| F|  |TAMS 0x0000000092300000| PB 0x0000000092300000| Untracked 
| 292|0x0000000092400000, 0x0000000092400000, 0x0000000092500000|  0%| F|  |TAMS 0x0000000092400000| PB 0x0000000092400000| Untracked 
| 293|0x0000000092500000, 0x0000000092500000, 0x0000000092600000|  0%| F|  |TAMS 0x0000000092500000| PB 0x0000000092500000| Untracked 
| 294|0x0000000092600000, 0x0000000092600000, 0x0000000092700000|  0%| F|  |TAMS 0x0000000092600000| PB 0x0000000092600000| Untracked 
| 295|0x0000000092700000, 0x0000000092700000, 0x0000000092800000|  0%| F|  |TAMS 0x0000000092700000| PB 0x0000000092700000| Untracked 
| 296|0x0000000092800000, 0x0000000092800000, 0x0000000092900000|  0%| F|  |TAMS 0x0000000092800000| PB 0x0000000092800000| Untracked 
| 297|0x0000000092900000, 0x0000000092900000, 0x0000000092a00000|  0%| F|  |TAMS 0x0000000092900000| PB 0x0000000092900000| Untracked 
| 298|0x0000000092a00000, 0x0000000092a00000, 0x0000000092b00000|  0%| F|  |TAMS 0x0000000092a00000| PB 0x0000000092a00000| Untracked 
| 299|0x0000000092b00000, 0x0000000092b00000, 0x0000000092c00000|  0%| F|  |TAMS 0x0000000092b00000| PB 0x0000000092b00000| Untracked 
| 300|0x0000000092c00000, 0x0000000092c00000, 0x0000000092d00000|  0%| F|  |TAMS 0x0000000092c00000| PB 0x0000000092c00000| Untracked 
| 301|0x0000000092d00000, 0x0000000092d00000, 0x0000000092e00000|  0%| F|  |TAMS 0x0000000092d00000| PB 0x0000000092d00000| Untracked 
| 302|0x0000000092e00000, 0x0000000092e00000, 0x0000000092f00000|  0%| F|  |TAMS 0x0000000092e00000| PB 0x0000000092e00000| Untracked 
| 303|0x0000000092f00000, 0x0000000092f00000, 0x0000000093000000|  0%| F|  |TAMS 0x0000000092f00000| PB 0x0000000092f00000| Untracked 
| 304|0x0000000093000000, 0x0000000093000000, 0x0000000093100000|  0%| F|  |TAMS 0x0000000093000000| PB 0x0000000093000000| Untracked 
| 305|0x0000000093100000, 0x0000000093100000, 0x0000000093200000|  0%| F|  |TAMS 0x0000000093100000| PB 0x0000000093100000| Untracked 
| 306|0x0000000093200000, 0x0000000093200000, 0x0000000093300000|  0%| F|  |TAMS 0x0000000093200000| PB 0x0000000093200000| Untracked 
| 307|0x0000000093300000, 0x0000000093300000, 0x0000000093400000|  0%| F|  |TAMS 0x0000000093300000| PB 0x0000000093300000| Untracked 
| 308|0x0000000093400000, 0x0000000093400000, 0x0000000093500000|  0%| F|  |TAMS 0x0000000093400000| PB 0x0000000093400000| Untracked 
| 309|0x0000000093500000, 0x0000000093500000, 0x0000000093600000|  0%| F|  |TAMS 0x0000000093500000| PB 0x0000000093500000| Untracked 
| 310|0x0000000093600000, 0x0000000093600000, 0x0000000093700000|  0%| F|  |TAMS 0x0000000093600000| PB 0x0000000093600000| Untracked 
| 311|0x0000000093700000, 0x0000000093700000, 0x0000000093800000|  0%| F|  |TAMS 0x0000000093700000| PB 0x0000000093700000| Untracked 
| 312|0x0000000093800000, 0x0000000093800000, 0x0000000093900000|  0%| F|  |TAMS 0x0000000093800000| PB 0x0000000093800000| Untracked 
| 313|0x0000000093900000, 0x0000000093900000, 0x0000000093a00000|  0%| F|  |TAMS 0x0000000093900000| PB 0x0000000093900000| Untracked 
| 314|0x0000000093a00000, 0x0000000093a00000, 0x0000000093b00000|  0%| F|  |TAMS 0x0000000093a00000| PB 0x0000000093a00000| Untracked 
| 315|0x0000000093b00000, 0x0000000093b00000, 0x0000000093c00000|  0%| F|  |TAMS 0x0000000093b00000| PB 0x0000000093b00000| Untracked 
| 316|0x0000000093c00000, 0x0000000093c00000, 0x0000000093d00000|  0%| F|  |TAMS 0x0000000093c00000| PB 0x0000000093c00000| Untracked 
| 317|0x0000000093d00000, 0x0000000093d00000, 0x0000000093e00000|  0%| F|  |TAMS 0x0000000093d00000| PB 0x0000000093d00000| Untracked 
| 318|0x0000000093e00000, 0x0000000093e00000, 0x0000000093f00000|  0%| F|  |TAMS 0x0000000093e00000| PB 0x0000000093e00000| Untracked 
| 319|0x0000000093f00000, 0x0000000093f00000, 0x0000000094000000|  0%| F|  |TAMS 0x0000000093f00000| PB 0x0000000093f00000| Untracked 
| 320|0x0000000094000000, 0x0000000094000000, 0x0000000094100000|  0%| F|  |TAMS 0x0000000094000000| PB 0x0000000094000000| Untracked 
| 321|0x0000000094100000, 0x0000000094100000, 0x0000000094200000|  0%| F|  |TAMS 0x0000000094100000| PB 0x0000000094100000| Untracked 
| 322|0x0000000094200000, 0x0000000094200000, 0x0000000094300000|  0%| F|  |TAMS 0x0000000094200000| PB 0x0000000094200000| Untracked 
| 323|0x0000000094300000, 0x0000000094300000, 0x0000000094400000|  0%| F|  |TAMS 0x0000000094300000| PB 0x0000000094300000| Untracked 
| 324|0x0000000094400000, 0x0000000094400000, 0x0000000094500000|  0%| F|  |TAMS 0x0000000094400000| PB 0x0000000094400000| Untracked 
| 325|0x0000000094500000, 0x0000000094500000, 0x0000000094600000|  0%| F|  |TAMS 0x0000000094500000| PB 0x0000000094500000| Untracked 
| 326|0x0000000094600000, 0x0000000094600000, 0x0000000094700000|  0%| F|  |TAMS 0x0000000094600000| PB 0x0000000094600000| Untracked 
| 327|0x0000000094700000, 0x0000000094700000, 0x0000000094800000|  0%| F|  |TAMS 0x0000000094700000| PB 0x0000000094700000| Untracked 
| 328|0x0000000094800000, 0x0000000094800000, 0x0000000094900000|  0%| F|  |TAMS 0x0000000094800000| PB 0x0000000094800000| Untracked 
| 329|0x0000000094900000, 0x0000000094900000, 0x0000000094a00000|  0%| F|  |TAMS 0x0000000094900000| PB 0x0000000094900000| Untracked 
| 330|0x0000000094a00000, 0x0000000094a00000, 0x0000000094b00000|  0%| F|  |TAMS 0x0000000094a00000| PB 0x0000000094a00000| Untracked 
| 331|0x0000000094b00000, 0x0000000094b00000, 0x0000000094c00000|  0%| F|  |TAMS 0x0000000094b00000| PB 0x0000000094b00000| Untracked 
| 332|0x0000000094c00000, 0x0000000094c00000, 0x0000000094d00000|  0%| F|  |TAMS 0x0000000094c00000| PB 0x0000000094c00000| Untracked 
| 333|0x0000000094d00000, 0x0000000094d00000, 0x0000000094e00000|  0%| F|  |TAMS 0x0000000094d00000| PB 0x0000000094d00000| Untracked 
| 334|0x0000000094e00000, 0x0000000094e00000, 0x0000000094f00000|  0%| F|  |TAMS 0x0000000094e00000| PB 0x0000000094e00000| Untracked 
| 335|0x0000000094f00000, 0x0000000094f00000, 0x0000000095000000|  0%| F|  |TAMS 0x0000000094f00000| PB 0x0000000094f00000| Untracked 
| 336|0x0000000095000000, 0x0000000095000000, 0x0000000095100000|  0%| F|  |TAMS 0x0000000095000000| PB 0x0000000095000000| Untracked 
| 337|0x0000000095100000, 0x0000000095100000, 0x0000000095200000|  0%| F|  |TAMS 0x0000000095100000| PB 0x0000000095100000| Untracked 
| 338|0x0000000095200000, 0x0000000095200000, 0x0000000095300000|  0%| F|  |TAMS 0x0000000095200000| PB 0x0000000095200000| Untracked 
| 339|0x0000000095300000, 0x0000000095300000, 0x0000000095400000|  0%| F|  |TAMS 0x0000000095300000| PB 0x0000000095300000| Untracked 
| 340|0x0000000095400000, 0x0000000095400000, 0x0000000095500000|  0%| F|  |TAMS 0x0000000095400000| PB 0x0000000095400000| Untracked 
| 341|0x0000000095500000, 0x0000000095500000, 0x0000000095600000|  0%| F|  |TAMS 0x0000000095500000| PB 0x0000000095500000| Untracked 
| 342|0x0000000095600000, 0x0000000095600000, 0x0000000095700000|  0%| F|  |TAMS 0x0000000095600000| PB 0x0000000095600000| Untracked 
| 343|0x0000000095700000, 0x0000000095700000, 0x0000000095800000|  0%| F|  |TAMS 0x0000000095700000| PB 0x0000000095700000| Untracked 
| 344|0x0000000095800000, 0x0000000095800000, 0x0000000095900000|  0%| F|  |TAMS 0x0000000095800000| PB 0x0000000095800000| Untracked 
| 345|0x0000000095900000, 0x0000000095900000, 0x0000000095a00000|  0%| F|  |TAMS 0x0000000095900000| PB 0x0000000095900000| Untracked 
| 346|0x0000000095a00000, 0x0000000095a00000, 0x0000000095b00000|  0%| F|  |TAMS 0x0000000095a00000| PB 0x0000000095a00000| Untracked 
| 347|0x0000000095b00000, 0x0000000095b00000, 0x0000000095c00000|  0%| F|  |TAMS 0x0000000095b00000| PB 0x0000000095b00000| Untracked 
| 348|0x0000000095c00000, 0x0000000095c00000, 0x0000000095d00000|  0%| F|  |TAMS 0x0000000095c00000| PB 0x0000000095c00000| Untracked 
| 349|0x0000000095d00000, 0x0000000095d00000, 0x0000000095e00000|  0%| F|  |TAMS 0x0000000095d00000| PB 0x0000000095d00000| Untracked 
| 350|0x0000000095e00000, 0x0000000095e00000, 0x0000000095f00000|  0%| F|  |TAMS 0x0000000095e00000| PB 0x0000000095e00000| Untracked 
| 351|0x0000000095f00000, 0x0000000095f00000, 0x0000000096000000|  0%| F|  |TAMS 0x0000000095f00000| PB 0x0000000095f00000| Untracked 
| 352|0x0000000096000000, 0x0000000096000000, 0x0000000096100000|  0%| F|  |TAMS 0x0000000096000000| PB 0x0000000096000000| Untracked 
| 353|0x0000000096100000, 0x0000000096100000, 0x0000000096200000|  0%| F|  |TAMS 0x0000000096100000| PB 0x0000000096100000| Untracked 
| 354|0x0000000096200000, 0x0000000096200000, 0x0000000096300000|  0%| F|  |TAMS 0x0000000096200000| PB 0x0000000096200000| Untracked 
| 355|0x0000000096300000, 0x0000000096300000, 0x0000000096400000|  0%| F|  |TAMS 0x0000000096300000| PB 0x0000000096300000| Untracked 
| 356|0x0000000096400000, 0x0000000096400000, 0x0000000096500000|  0%| F|  |TAMS 0x0000000096400000| PB 0x0000000096400000| Untracked 
| 357|0x0000000096500000, 0x0000000096500000, 0x0000000096600000|  0%| F|  |TAMS 0x0000000096500000| PB 0x0000000096500000| Untracked 
| 358|0x0000000096600000, 0x0000000096600000, 0x0000000096700000|  0%| F|  |TAMS 0x0000000096600000| PB 0x0000000096600000| Untracked 
| 359|0x0000000096700000, 0x0000000096700000, 0x0000000096800000|  0%| F|  |TAMS 0x0000000096700000| PB 0x0000000096700000| Untracked 
| 360|0x0000000096800000, 0x0000000096800000, 0x0000000096900000|  0%| F|  |TAMS 0x0000000096800000| PB 0x0000000096800000| Untracked 
| 361|0x0000000096900000, 0x0000000096900000, 0x0000000096a00000|  0%| F|  |TAMS 0x0000000096900000| PB 0x0000000096900000| Untracked 
| 362|0x0000000096a00000, 0x0000000096a00000, 0x0000000096b00000|  0%| F|  |TAMS 0x0000000096a00000| PB 0x0000000096a00000| Untracked 
| 363|0x0000000096b00000, 0x0000000096b00000, 0x0000000096c00000|  0%| F|  |TAMS 0x0000000096b00000| PB 0x0000000096b00000| Untracked 
| 364|0x0000000096c00000, 0x0000000096c00000, 0x0000000096d00000|  0%| F|  |TAMS 0x0000000096c00000| PB 0x0000000096c00000| Untracked 
| 365|0x0000000096d00000, 0x0000000096d00000, 0x0000000096e00000|  0%| F|  |TAMS 0x0000000096d00000| PB 0x0000000096d00000| Untracked 
| 366|0x0000000096e00000, 0x0000000096e00000, 0x0000000096f00000|  0%| F|  |TAMS 0x0000000096e00000| PB 0x0000000096e00000| Untracked 
| 367|0x0000000096f00000, 0x0000000096f00000, 0x0000000097000000|  0%| F|  |TAMS 0x0000000096f00000| PB 0x0000000096f00000| Untracked 
| 368|0x0000000097000000, 0x0000000097000000, 0x0000000097100000|  0%| F|  |TAMS 0x0000000097000000| PB 0x0000000097000000| Untracked 
| 369|0x0000000097100000, 0x0000000097100000, 0x0000000097200000|  0%| F|  |TAMS 0x0000000097100000| PB 0x0000000097100000| Untracked 
| 370|0x0000000097200000, 0x0000000097200000, 0x0000000097300000|  0%| F|  |TAMS 0x0000000097200000| PB 0x0000000097200000| Untracked 
| 371|0x0000000097300000, 0x0000000097300000, 0x0000000097400000|  0%| F|  |TAMS 0x0000000097300000| PB 0x0000000097300000| Untracked 
| 372|0x0000000097400000, 0x0000000097400000, 0x0000000097500000|  0%| F|  |TAMS 0x0000000097400000| PB 0x0000000097400000| Untracked 
| 373|0x0000000097500000, 0x0000000097500000, 0x0000000097600000|  0%| F|  |TAMS 0x0000000097500000| PB 0x0000000097500000| Untracked 
| 374|0x0000000097600000, 0x0000000097600000, 0x0000000097700000|  0%| F|  |TAMS 0x0000000097600000| PB 0x0000000097600000| Untracked 
| 375|0x0000000097700000, 0x0000000097700000, 0x0000000097800000|  0%| F|  |TAMS 0x0000000097700000| PB 0x0000000097700000| Untracked 
| 376|0x0000000097800000, 0x0000000097800000, 0x0000000097900000|  0%| F|  |TAMS 0x0000000097800000| PB 0x0000000097800000| Untracked 
| 377|0x0000000097900000, 0x0000000097900000, 0x0000000097a00000|  0%| F|  |TAMS 0x0000000097900000| PB 0x0000000097900000| Untracked 
| 378|0x0000000097a00000, 0x0000000097a00000, 0x0000000097b00000|  0%| F|  |TAMS 0x0000000097a00000| PB 0x0000000097a00000| Untracked 
| 379|0x0000000097b00000, 0x0000000097b00000, 0x0000000097c00000|  0%| F|  |TAMS 0x0000000097b00000| PB 0x0000000097b00000| Untracked 
| 380|0x0000000097c00000, 0x0000000097c00000, 0x0000000097d00000|  0%| F|  |TAMS 0x0000000097c00000| PB 0x0000000097c00000| Untracked 
| 381|0x0000000097d00000, 0x0000000097d00000, 0x0000000097e00000|  0%| F|  |TAMS 0x0000000097d00000| PB 0x0000000097d00000| Untracked 
| 382|0x0000000097e00000, 0x0000000097e00000, 0x0000000097f00000|  0%| F|  |TAMS 0x0000000097e00000| PB 0x0000000097e00000| Untracked 
| 383|0x0000000097f00000, 0x0000000097f00000, 0x0000000098000000|  0%| F|  |TAMS 0x0000000097f00000| PB 0x0000000097f00000| Untracked 
| 384|0x0000000098000000, 0x0000000098000000, 0x0000000098100000|  0%| F|  |TAMS 0x0000000098000000| PB 0x0000000098000000| Untracked 
| 385|0x0000000098100000, 0x0000000098100000, 0x0000000098200000|  0%| F|  |TAMS 0x0000000098100000| PB 0x0000000098100000| Untracked 
| 386|0x0000000098200000, 0x0000000098200000, 0x0000000098300000|  0%| F|  |TAMS 0x0000000098200000| PB 0x0000000098200000| Untracked 
| 387|0x0000000098300000, 0x0000000098300000, 0x0000000098400000|  0%| F|  |TAMS 0x0000000098300000| PB 0x0000000098300000| Untracked 
| 388|0x0000000098400000, 0x0000000098400000, 0x0000000098500000|  0%| F|  |TAMS 0x0000000098400000| PB 0x0000000098400000| Untracked 
| 389|0x0000000098500000, 0x0000000098500000, 0x0000000098600000|  0%| F|  |TAMS 0x0000000098500000| PB 0x0000000098500000| Untracked 
| 390|0x0000000098600000, 0x0000000098600000, 0x0000000098700000|  0%| F|  |TAMS 0x0000000098600000| PB 0x0000000098600000| Untracked 
| 391|0x0000000098700000, 0x0000000098700000, 0x0000000098800000|  0%| F|  |TAMS 0x0000000098700000| PB 0x0000000098700000| Untracked 
| 392|0x0000000098800000, 0x0000000098800000, 0x0000000098900000|  0%| F|  |TAMS 0x0000000098800000| PB 0x0000000098800000| Untracked 
| 393|0x0000000098900000, 0x0000000098900000, 0x0000000098a00000|  0%| F|  |TAMS 0x0000000098900000| PB 0x0000000098900000| Untracked 
| 394|0x0000000098a00000, 0x0000000098a00000, 0x0000000098b00000|  0%| F|  |TAMS 0x0000000098a00000| PB 0x0000000098a00000| Untracked 
| 395|0x0000000098b00000, 0x0000000098b00000, 0x0000000098c00000|  0%| F|  |TAMS 0x0000000098b00000| PB 0x0000000098b00000| Untracked 
| 396|0x0000000098c00000, 0x0000000098c00000, 0x0000000098d00000|  0%| F|  |TAMS 0x0000000098c00000| PB 0x0000000098c00000| Untracked 
| 397|0x0000000098d00000, 0x0000000098d00000, 0x0000000098e00000|  0%| F|  |TAMS 0x0000000098d00000| PB 0x0000000098d00000| Untracked 
| 398|0x0000000098e00000, 0x0000000098e00000, 0x0000000098f00000|  0%| F|  |TAMS 0x0000000098e00000| PB 0x0000000098e00000| Untracked 
| 399|0x0000000098f00000, 0x0000000098f00000, 0x0000000099000000|  0%| F|  |TAMS 0x0000000098f00000| PB 0x0000000098f00000| Untracked 
| 400|0x0000000099000000, 0x0000000099000000, 0x0000000099100000|  0%| F|  |TAMS 0x0000000099000000| PB 0x0000000099000000| Untracked 
| 401|0x0000000099100000, 0x0000000099100000, 0x0000000099200000|  0%| F|  |TAMS 0x0000000099100000| PB 0x0000000099100000| Untracked 
| 402|0x0000000099200000, 0x0000000099200000, 0x0000000099300000|  0%| F|  |TAMS 0x0000000099200000| PB 0x0000000099200000| Untracked 
| 403|0x0000000099300000, 0x0000000099300000, 0x0000000099400000|  0%| F|  |TAMS 0x0000000099300000| PB 0x0000000099300000| Untracked 
| 404|0x0000000099400000, 0x0000000099400000, 0x0000000099500000|  0%| F|  |TAMS 0x0000000099400000| PB 0x0000000099400000| Untracked 
| 405|0x0000000099500000, 0x0000000099500000, 0x0000000099600000|  0%| F|  |TAMS 0x0000000099500000| PB 0x0000000099500000| Untracked 
| 406|0x0000000099600000, 0x0000000099600000, 0x0000000099700000|  0%| F|  |TAMS 0x0000000099600000| PB 0x0000000099600000| Untracked 
| 407|0x0000000099700000, 0x0000000099700000, 0x0000000099800000|  0%| F|  |TAMS 0x0000000099700000| PB 0x0000000099700000| Untracked 
| 408|0x0000000099800000, 0x0000000099800000, 0x0000000099900000|  0%| F|  |TAMS 0x0000000099800000| PB 0x0000000099800000| Untracked 
| 409|0x0000000099900000, 0x0000000099900000, 0x0000000099a00000|  0%| F|  |TAMS 0x0000000099900000| PB 0x0000000099900000| Untracked 
| 410|0x0000000099a00000, 0x0000000099a00000, 0x0000000099b00000|  0%| F|  |TAMS 0x0000000099a00000| PB 0x0000000099a00000| Untracked 
| 411|0x0000000099b00000, 0x0000000099b00000, 0x0000000099c00000|  0%| F|  |TAMS 0x0000000099b00000| PB 0x0000000099b00000| Untracked 
| 412|0x0000000099c00000, 0x0000000099c00000, 0x0000000099d00000|  0%| F|  |TAMS 0x0000000099c00000| PB 0x0000000099c00000| Untracked 
| 413|0x0000000099d00000, 0x0000000099d00000, 0x0000000099e00000|  0%| F|  |TAMS 0x0000000099d00000| PB 0x0000000099d00000| Untracked 
| 414|0x0000000099e00000, 0x0000000099e00000, 0x0000000099f00000|  0%| F|  |TAMS 0x0000000099e00000| PB 0x0000000099e00000| Untracked 
| 415|0x0000000099f00000, 0x0000000099f00000, 0x000000009a000000|  0%| F|  |TAMS 0x0000000099f00000| PB 0x0000000099f00000| Untracked 
| 416|0x000000009a000000, 0x000000009a000000, 0x000000009a100000|  0%| F|  |TAMS 0x000000009a000000| PB 0x000000009a000000| Untracked 
| 417|0x000000009a100000, 0x000000009a100000, 0x000000009a200000|  0%| F|  |TAMS 0x000000009a100000| PB 0x000000009a100000| Untracked 
| 418|0x000000009a200000, 0x000000009a200000, 0x000000009a300000|  0%| F|  |TAMS 0x000000009a200000| PB 0x000000009a200000| Untracked 
| 419|0x000000009a300000, 0x000000009a300000, 0x000000009a400000|  0%| F|  |TAMS 0x000000009a300000| PB 0x000000009a300000| Untracked 
| 420|0x000000009a400000, 0x000000009a400000, 0x000000009a500000|  0%| F|  |TAMS 0x000000009a400000| PB 0x000000009a400000| Untracked 
| 421|0x000000009a500000, 0x000000009a500000, 0x000000009a600000|  0%| F|  |TAMS 0x000000009a500000| PB 0x000000009a500000| Untracked 
| 422|0x000000009a600000, 0x000000009a600000, 0x000000009a700000|  0%| F|  |TAMS 0x000000009a600000| PB 0x000000009a600000| Untracked 
| 423|0x000000009a700000, 0x000000009a700000, 0x000000009a800000|  0%| F|  |TAMS 0x000000009a700000| PB 0x000000009a700000| Untracked 
| 424|0x000000009a800000, 0x000000009a800000, 0x000000009a900000|  0%| F|  |TAMS 0x000000009a800000| PB 0x000000009a800000| Untracked 
| 425|0x000000009a900000, 0x000000009a900000, 0x000000009aa00000|  0%| F|  |TAMS 0x000000009a900000| PB 0x000000009a900000| Untracked 
| 426|0x000000009aa00000, 0x000000009aa00000, 0x000000009ab00000|  0%| F|  |TAMS 0x000000009aa00000| PB 0x000000009aa00000| Untracked 
| 427|0x000000009ab00000, 0x000000009ab00000, 0x000000009ac00000|  0%| F|  |TAMS 0x000000009ab00000| PB 0x000000009ab00000| Untracked 
| 428|0x000000009ac00000, 0x000000009ac00000, 0x000000009ad00000|  0%| F|  |TAMS 0x000000009ac00000| PB 0x000000009ac00000| Untracked 
| 429|0x000000009ad00000, 0x000000009ad00000, 0x000000009ae00000|  0%| F|  |TAMS 0x000000009ad00000| PB 0x000000009ad00000| Untracked 
| 430|0x000000009ae00000, 0x000000009ae00000, 0x000000009af00000|  0%| F|  |TAMS 0x000000009ae00000| PB 0x000000009ae00000| Untracked 
| 431|0x000000009af00000, 0x000000009af00000, 0x000000009b000000|  0%| F|  |TAMS 0x000000009af00000| PB 0x000000009af00000| Untracked 
| 432|0x000000009b000000, 0x000000009b000000, 0x000000009b100000|  0%| F|  |TAMS 0x000000009b000000| PB 0x000000009b000000| Untracked 
| 433|0x000000009b100000, 0x000000009b100000, 0x000000009b200000|  0%| F|  |TAMS 0x000000009b100000| PB 0x000000009b100000| Untracked 
| 434|0x000000009b200000, 0x000000009b200000, 0x000000009b300000|  0%| F|  |TAMS 0x000000009b200000| PB 0x000000009b200000| Untracked 
| 435|0x000000009b300000, 0x000000009b300000, 0x000000009b400000|  0%| F|  |TAMS 0x000000009b300000| PB 0x000000009b300000| Untracked 
| 436|0x000000009b400000, 0x000000009b400000, 0x000000009b500000|  0%| F|  |TAMS 0x000000009b400000| PB 0x000000009b400000| Untracked 
| 437|0x000000009b500000, 0x000000009b500000, 0x000000009b600000|  0%| F|  |TAMS 0x000000009b500000| PB 0x000000009b500000| Untracked 
| 438|0x000000009b600000, 0x000000009b600000, 0x000000009b700000|  0%| F|  |TAMS 0x000000009b600000| PB 0x000000009b600000| Untracked 
| 439|0x000000009b700000, 0x000000009b700000, 0x000000009b800000|  0%| F|  |TAMS 0x000000009b700000| PB 0x000000009b700000| Untracked 
| 440|0x000000009b800000, 0x000000009b800000, 0x000000009b900000|  0%| F|  |TAMS 0x000000009b800000| PB 0x000000009b800000| Untracked 
| 441|0x000000009b900000, 0x000000009b900000, 0x000000009ba00000|  0%| F|  |TAMS 0x000000009b900000| PB 0x000000009b900000| Untracked 
| 442|0x000000009ba00000, 0x000000009ba00000, 0x000000009bb00000|  0%| F|  |TAMS 0x000000009ba00000| PB 0x000000009ba00000| Untracked 
| 443|0x000000009bb00000, 0x000000009bb00000, 0x000000009bc00000|  0%| F|  |TAMS 0x000000009bb00000| PB 0x000000009bb00000| Untracked 
| 444|0x000000009bc00000, 0x000000009bc00000, 0x000000009bd00000|  0%| F|  |TAMS 0x000000009bc00000| PB 0x000000009bc00000| Untracked 
| 445|0x000000009bd00000, 0x000000009bd00000, 0x000000009be00000|  0%| F|  |TAMS 0x000000009bd00000| PB 0x000000009bd00000| Untracked 
| 446|0x000000009be00000, 0x000000009be00000, 0x000000009bf00000|  0%| F|  |TAMS 0x000000009be00000| PB 0x000000009be00000| Untracked 
| 447|0x000000009bf00000, 0x000000009bf00000, 0x000000009c000000|  0%| F|  |TAMS 0x000000009bf00000| PB 0x000000009bf00000| Untracked 
| 448|0x000000009c000000, 0x000000009c000000, 0x000000009c100000|  0%| F|  |TAMS 0x000000009c000000| PB 0x000000009c000000| Untracked 
| 449|0x000000009c100000, 0x000000009c100000, 0x000000009c200000|  0%| F|  |TAMS 0x000000009c100000| PB 0x000000009c100000| Untracked 
| 450|0x000000009c200000, 0x000000009c200000, 0x000000009c300000|  0%| F|  |TAMS 0x000000009c200000| PB 0x000000009c200000| Untracked 
| 451|0x000000009c300000, 0x000000009c300000, 0x000000009c400000|  0%| F|  |TAMS 0x000000009c300000| PB 0x000000009c300000| Untracked 
| 452|0x000000009c400000, 0x000000009c400000, 0x000000009c500000|  0%| F|  |TAMS 0x000000009c400000| PB 0x000000009c400000| Untracked 
| 453|0x000000009c500000, 0x000000009c500000, 0x000000009c600000|  0%| F|  |TAMS 0x000000009c500000| PB 0x000000009c500000| Untracked 
| 454|0x000000009c600000, 0x000000009c600000, 0x000000009c700000|  0%| F|  |TAMS 0x000000009c600000| PB 0x000000009c600000| Untracked 
| 455|0x000000009c700000, 0x000000009c700000, 0x000000009c800000|  0%| F|  |TAMS 0x000000009c700000| PB 0x000000009c700000| Untracked 
| 456|0x000000009c800000, 0x000000009c800000, 0x000000009c900000|  0%| F|  |TAMS 0x000000009c800000| PB 0x000000009c800000| Untracked 
| 457|0x000000009c900000, 0x000000009c900000, 0x000000009ca00000|  0%| F|  |TAMS 0x000000009c900000| PB 0x000000009c900000| Untracked 
| 458|0x000000009ca00000, 0x000000009ca00000, 0x000000009cb00000|  0%| F|  |TAMS 0x000000009ca00000| PB 0x000000009ca00000| Untracked 
| 459|0x000000009cb00000, 0x000000009cb00000, 0x000000009cc00000|  0%| F|  |TAMS 0x000000009cb00000| PB 0x000000009cb00000| Untracked 
| 460|0x000000009cc00000, 0x000000009cc00000, 0x000000009cd00000|  0%| F|  |TAMS 0x000000009cc00000| PB 0x000000009cc00000| Untracked 
| 461|0x000000009cd00000, 0x000000009cd00000, 0x000000009ce00000|  0%| F|  |TAMS 0x000000009cd00000| PB 0x000000009cd00000| Untracked 
| 462|0x000000009ce00000, 0x000000009ce00000, 0x000000009cf00000|  0%| F|  |TAMS 0x000000009ce00000| PB 0x000000009ce00000| Untracked 
| 463|0x000000009cf00000, 0x000000009cf00000, 0x000000009d000000|  0%| F|  |TAMS 0x000000009cf00000| PB 0x000000009cf00000| Untracked 
| 464|0x000000009d000000, 0x000000009d000000, 0x000000009d100000|  0%| F|  |TAMS 0x000000009d000000| PB 0x000000009d000000| Untracked 
| 465|0x000000009d100000, 0x000000009d100000, 0x000000009d200000|  0%| F|  |TAMS 0x000000009d100000| PB 0x000000009d100000| Untracked 
| 466|0x000000009d200000, 0x000000009d200000, 0x000000009d300000|  0%| F|  |TAMS 0x000000009d200000| PB 0x000000009d200000| Untracked 
| 467|0x000000009d300000, 0x000000009d300000, 0x000000009d400000|  0%| F|  |TAMS 0x000000009d300000| PB 0x000000009d300000| Untracked 
| 468|0x000000009d400000, 0x000000009d400000, 0x000000009d500000|  0%| F|  |TAMS 0x000000009d400000| PB 0x000000009d400000| Untracked 
| 469|0x000000009d500000, 0x000000009d500000, 0x000000009d600000|  0%| F|  |TAMS 0x000000009d500000| PB 0x000000009d500000| Untracked 
| 470|0x000000009d600000, 0x000000009d600000, 0x000000009d700000|  0%| F|  |TAMS 0x000000009d600000| PB 0x000000009d600000| Untracked 
| 471|0x000000009d700000, 0x000000009d700000, 0x000000009d800000|  0%| F|  |TAMS 0x000000009d700000| PB 0x000000009d700000| Untracked 
| 472|0x000000009d800000, 0x000000009d800000, 0x000000009d900000|  0%| F|  |TAMS 0x000000009d800000| PB 0x000000009d800000| Untracked 
| 473|0x000000009d900000, 0x000000009d900000, 0x000000009da00000|  0%| F|  |TAMS 0x000000009d900000| PB 0x000000009d900000| Untracked 
| 474|0x000000009da00000, 0x000000009da00000, 0x000000009db00000|  0%| F|  |TAMS 0x000000009da00000| PB 0x000000009da00000| Untracked 
| 475|0x000000009db00000, 0x000000009db00000, 0x000000009dc00000|  0%| F|  |TAMS 0x000000009db00000| PB 0x000000009db00000| Untracked 
| 476|0x000000009dc00000, 0x000000009dc00000, 0x000000009dd00000|  0%| F|  |TAMS 0x000000009dc00000| PB 0x000000009dc00000| Untracked 
| 477|0x000000009dd00000, 0x000000009dd00000, 0x000000009de00000|  0%| F|  |TAMS 0x000000009dd00000| PB 0x000000009dd00000| Untracked 
| 478|0x000000009de00000, 0x000000009de00000, 0x000000009df00000|  0%| F|  |TAMS 0x000000009de00000| PB 0x000000009de00000| Untracked 
| 479|0x000000009df00000, 0x000000009df00000, 0x000000009e000000|  0%| F|  |TAMS 0x000000009df00000| PB 0x000000009df00000| Untracked 
| 480|0x000000009e000000, 0x000000009e000000, 0x000000009e100000|  0%| F|  |TAMS 0x000000009e000000| PB 0x000000009e000000| Untracked 
| 481|0x000000009e100000, 0x000000009e100000, 0x000000009e200000|  0%| F|  |TAMS 0x000000009e100000| PB 0x000000009e100000| Untracked 
| 482|0x000000009e200000, 0x000000009e200000, 0x000000009e300000|  0%| F|  |TAMS 0x000000009e200000| PB 0x000000009e200000| Untracked 
| 483|0x000000009e300000, 0x000000009e300000, 0x000000009e400000|  0%| F|  |TAMS 0x000000009e300000| PB 0x000000009e300000| Untracked 
| 484|0x000000009e400000, 0x000000009e400000, 0x000000009e500000|  0%| F|  |TAMS 0x000000009e400000| PB 0x000000009e400000| Untracked 
| 485|0x000000009e500000, 0x000000009e500000, 0x000000009e600000|  0%| F|  |TAMS 0x000000009e500000| PB 0x000000009e500000| Untracked 
| 486|0x000000009e600000, 0x000000009e600000, 0x000000009e700000|  0%| F|  |TAMS 0x000000009e600000| PB 0x000000009e600000| Untracked 
| 487|0x000000009e700000, 0x000000009e700000, 0x000000009e800000|  0%| F|  |TAMS 0x000000009e700000| PB 0x000000009e700000| Untracked 
| 488|0x000000009e800000, 0x000000009e800000, 0x000000009e900000|  0%| F|  |TAMS 0x000000009e800000| PB 0x000000009e800000| Untracked 
| 489|0x000000009e900000, 0x000000009e900000, 0x000000009ea00000|  0%| F|  |TAMS 0x000000009e900000| PB 0x000000009e900000| Untracked 
| 490|0x000000009ea00000, 0x000000009ea00000, 0x000000009eb00000|  0%| F|  |TAMS 0x000000009ea00000| PB 0x000000009ea00000| Untracked 
| 491|0x000000009eb00000, 0x000000009eb00000, 0x000000009ec00000|  0%| F|  |TAMS 0x000000009eb00000| PB 0x000000009eb00000| Untracked 
| 492|0x000000009ec00000, 0x000000009ec00000, 0x000000009ed00000|  0%| F|  |TAMS 0x000000009ec00000| PB 0x000000009ec00000| Untracked 
| 493|0x000000009ed00000, 0x000000009ed00000, 0x000000009ee00000|  0%| F|  |TAMS 0x000000009ed00000| PB 0x000000009ed00000| Untracked 
| 494|0x000000009ee00000, 0x000000009ee00000, 0x000000009ef00000|  0%| F|  |TAMS 0x000000009ee00000| PB 0x000000009ee00000| Untracked 
| 495|0x000000009ef00000, 0x000000009ef00000, 0x000000009f000000|  0%| F|  |TAMS 0x000000009ef00000| PB 0x000000009ef00000| Untracked 
| 496|0x000000009f000000, 0x000000009f000000, 0x000000009f100000|  0%| F|  |TAMS 0x000000009f000000| PB 0x000000009f000000| Untracked 
| 497|0x000000009f100000, 0x000000009f100000, 0x000000009f200000|  0%| F|  |TAMS 0x000000009f100000| PB 0x000000009f100000| Untracked 
| 498|0x000000009f200000, 0x000000009f200000, 0x000000009f300000|  0%| F|  |TAMS 0x000000009f200000| PB 0x000000009f200000| Untracked 
| 499|0x000000009f300000, 0x000000009f300000, 0x000000009f400000|  0%| F|  |TAMS 0x000000009f300000| PB 0x000000009f300000| Untracked 
| 500|0x000000009f400000, 0x000000009f400000, 0x000000009f500000|  0%| F|  |TAMS 0x000000009f400000| PB 0x000000009f400000| Untracked 
| 501|0x000000009f500000, 0x000000009f500000, 0x000000009f600000|  0%| F|  |TAMS 0x000000009f500000| PB 0x000000009f500000| Untracked 
| 502|0x000000009f600000, 0x000000009f600000, 0x000000009f700000|  0%| F|  |TAMS 0x000000009f600000| PB 0x000000009f600000| Untracked 
| 503|0x000000009f700000, 0x000000009f700000, 0x000000009f800000|  0%| F|  |TAMS 0x000000009f700000| PB 0x000000009f700000| Untracked 
| 504|0x000000009f800000, 0x000000009f800000, 0x000000009f900000|  0%| F|  |TAMS 0x000000009f800000| PB 0x000000009f800000| Untracked 
| 505|0x000000009f900000, 0x000000009f900000, 0x000000009fa00000|  0%| F|  |TAMS 0x000000009f900000| PB 0x000000009f900000| Untracked 
| 506|0x000000009fa00000, 0x000000009fa00000, 0x000000009fb00000|  0%| F|  |TAMS 0x000000009fa00000| PB 0x000000009fa00000| Untracked 
| 507|0x000000009fb00000, 0x000000009fb00000, 0x000000009fc00000|  0%| F|  |TAMS 0x000000009fb00000| PB 0x000000009fb00000| Untracked 
| 508|0x000000009fc00000, 0x000000009fc00000, 0x000000009fd00000|  0%| F|  |TAMS 0x000000009fc00000| PB 0x000000009fc00000| Untracked 
| 509|0x000000009fd00000, 0x000000009fd00000, 0x000000009fe00000|  0%| F|  |TAMS 0x000000009fd00000| PB 0x000000009fd00000| Untracked 
| 510|0x000000009fe00000, 0x000000009fe00000, 0x000000009ff00000|  0%| F|  |TAMS 0x000000009fe00000| PB 0x000000009fe00000| Untracked 
| 511|0x000000009ff00000, 0x000000009ff00000, 0x00000000a0000000|  0%| F|  |TAMS 0x000000009ff00000| PB 0x000000009ff00000| Untracked 
| 512|0x00000000a0000000, 0x00000000a0000000, 0x00000000a0100000|  0%| F|  |TAMS 0x00000000a0000000| PB 0x00000000a0000000| Untracked 
| 513|0x00000000a0100000, 0x00000000a0100000, 0x00000000a0200000|  0%| F|  |TAMS 0x00000000a0100000| PB 0x00000000a0100000| Untracked 
| 514|0x00000000a0200000, 0x00000000a0200000, 0x00000000a0300000|  0%| F|  |TAMS 0x00000000a0200000| PB 0x00000000a0200000| Untracked 
| 515|0x00000000a0300000, 0x00000000a0300000, 0x00000000a0400000|  0%| F|  |TAMS 0x00000000a0300000| PB 0x00000000a0300000| Untracked 
| 516|0x00000000a0400000, 0x00000000a0400000, 0x00000000a0500000|  0%| F|  |TAMS 0x00000000a0400000| PB 0x00000000a0400000| Untracked 
| 517|0x00000000a0500000, 0x00000000a0500000, 0x00000000a0600000|  0%| F|  |TAMS 0x00000000a0500000| PB 0x00000000a0500000| Untracked 
| 518|0x00000000a0600000, 0x00000000a0600000, 0x00000000a0700000|  0%| F|  |TAMS 0x00000000a0600000| PB 0x00000000a0600000| Untracked 
| 519|0x00000000a0700000, 0x00000000a0700000, 0x00000000a0800000|  0%| F|  |TAMS 0x00000000a0700000| PB 0x00000000a0700000| Untracked 
| 520|0x00000000a0800000, 0x00000000a0800000, 0x00000000a0900000|  0%| F|  |TAMS 0x00000000a0800000| PB 0x00000000a0800000| Untracked 
| 521|0x00000000a0900000, 0x00000000a0900000, 0x00000000a0a00000|  0%| F|  |TAMS 0x00000000a0900000| PB 0x00000000a0900000| Untracked 
| 522|0x00000000a0a00000, 0x00000000a0a00000, 0x00000000a0b00000|  0%| F|  |TAMS 0x00000000a0a00000| PB 0x00000000a0a00000| Untracked 
| 523|0x00000000a0b00000, 0x00000000a0b00000, 0x00000000a0c00000|  0%| F|  |TAMS 0x00000000a0b00000| PB 0x00000000a0b00000| Untracked 
| 524|0x00000000a0c00000, 0x00000000a0c00000, 0x00000000a0d00000|  0%| F|  |TAMS 0x00000000a0c00000| PB 0x00000000a0c00000| Untracked 
| 525|0x00000000a0d00000, 0x00000000a0d00000, 0x00000000a0e00000|  0%| F|  |TAMS 0x00000000a0d00000| PB 0x00000000a0d00000| Untracked 
| 526|0x00000000a0e00000, 0x00000000a0e00000, 0x00000000a0f00000|  0%| F|  |TAMS 0x00000000a0e00000| PB 0x00000000a0e00000| Untracked 
| 527|0x00000000a0f00000, 0x00000000a0f00000, 0x00000000a1000000|  0%| F|  |TAMS 0x00000000a0f00000| PB 0x00000000a0f00000| Untracked 
| 528|0x00000000a1000000, 0x00000000a1000000, 0x00000000a1100000|  0%| F|  |TAMS 0x00000000a1000000| PB 0x00000000a1000000| Untracked 
| 529|0x00000000a1100000, 0x00000000a1100000, 0x00000000a1200000|  0%| F|  |TAMS 0x00000000a1100000| PB 0x00000000a1100000| Untracked 
| 530|0x00000000a1200000, 0x00000000a1200000, 0x00000000a1300000|  0%| F|  |TAMS 0x00000000a1200000| PB 0x00000000a1200000| Untracked 
| 531|0x00000000a1300000, 0x00000000a1300000, 0x00000000a1400000|  0%| F|  |TAMS 0x00000000a1300000| PB 0x00000000a1300000| Untracked 
| 532|0x00000000a1400000, 0x00000000a1400000, 0x00000000a1500000|  0%| F|  |TAMS 0x00000000a1400000| PB 0x00000000a1400000| Untracked 
| 533|0x00000000a1500000, 0x00000000a1500000, 0x00000000a1600000|  0%| F|  |TAMS 0x00000000a1500000| PB 0x00000000a1500000| Untracked 
| 534|0x00000000a1600000, 0x00000000a1600000, 0x00000000a1700000|  0%| F|  |TAMS 0x00000000a1600000| PB 0x00000000a1600000| Untracked 
| 535|0x00000000a1700000, 0x00000000a1700000, 0x00000000a1800000|  0%| F|  |TAMS 0x00000000a1700000| PB 0x00000000a1700000| Untracked 
| 536|0x00000000a1800000, 0x00000000a1800000, 0x00000000a1900000|  0%| F|  |TAMS 0x00000000a1800000| PB 0x00000000a1800000| Untracked 
| 537|0x00000000a1900000, 0x00000000a1900000, 0x00000000a1a00000|  0%| F|  |TAMS 0x00000000a1900000| PB 0x00000000a1900000| Untracked 
| 538|0x00000000a1a00000, 0x00000000a1a00000, 0x00000000a1b00000|  0%| F|  |TAMS 0x00000000a1a00000| PB 0x00000000a1a00000| Untracked 
| 539|0x00000000a1b00000, 0x00000000a1b00000, 0x00000000a1c00000|  0%| F|  |TAMS 0x00000000a1b00000| PB 0x00000000a1b00000| Untracked 
| 540|0x00000000a1c00000, 0x00000000a1c00000, 0x00000000a1d00000|  0%| F|  |TAMS 0x00000000a1c00000| PB 0x00000000a1c00000| Untracked 
| 541|0x00000000a1d00000, 0x00000000a1d00000, 0x00000000a1e00000|  0%| F|  |TAMS 0x00000000a1d00000| PB 0x00000000a1d00000| Untracked 
|1975|0x00000000fb700000, 0x00000000fb800000, 0x00000000fb800000|100%| O|Cm|TAMS 0x00000000fb700000| PB 0x00000000fb700000| Complete 
|1976|0x00000000fb800000, 0x00000000fb900000, 0x00000000fb900000|100%| O|  |TAMS 0x00000000fb800000| PB 0x00000000fb800000| Untracked 
|1977|0x00000000fb900000, 0x00000000fb900000, 0x00000000fba00000|  0%| F|  |TAMS 0x00000000fb900000| PB 0x00000000fb900000| Untracked 
|1978|0x00000000fba00000, 0x00000000fbb00000, 0x00000000fbb00000|100%| O|  |TAMS 0x00000000fba00000| PB 0x00000000fba00000| Untracked 
|1979|0x00000000fbb00000, 0x00000000fbc00000, 0x00000000fbc00000|100%| O|  |TAMS 0x00000000fbb00000| PB 0x00000000fbb00000| Untracked 
|1980|0x00000000fbc00000, 0x00000000fbd00000, 0x00000000fbd00000|100%| O|  |TAMS 0x00000000fbc00000| PB 0x00000000fbc00000| Untracked 
|1981|0x00000000fbd00000, 0x00000000fbe00000, 0x00000000fbe00000|100%| O|  |TAMS 0x00000000fbd00000| PB 0x00000000fbd00000| Untracked 
|1982|0x00000000fbe00000, 0x00000000fbf00000, 0x00000000fbf00000|100%| O|Cm|TAMS 0x00000000fbe00000| PB 0x00000000fbe00000| Complete 
|1983|0x00000000fbf00000, 0x00000000fbf00000, 0x00000000fc000000|  0%| F|  |TAMS 0x00000000fbf00000| PB 0x00000000fbf00000| Untracked 
|1984|0x00000000fc000000, 0x00000000fc000000, 0x00000000fc100000|  0%| F|  |TAMS 0x00000000fc000000| PB 0x00000000fc000000| Untracked 
|1985|0x00000000fc100000, 0x00000000fc100000, 0x00000000fc200000|  0%| F|  |TAMS 0x00000000fc100000| PB 0x00000000fc100000| Untracked 
|1986|0x00000000fc200000, 0x00000000fc200000, 0x00000000fc300000|  0%| F|  |TAMS 0x00000000fc200000| PB 0x00000000fc200000| Untracked 
|1987|0x00000000fc300000, 0x00000000fc300000, 0x00000000fc400000|  0%| F|  |TAMS 0x00000000fc300000| PB 0x00000000fc300000| Untracked 
|1988|0x00000000fc400000, 0x00000000fc500000, 0x00000000fc500000|100%| O|  |TAMS 0x00000000fc400000| PB 0x00000000fc400000| Untracked 
|1989|0x00000000fc500000, 0x00000000fc500000, 0x00000000fc600000|  0%| F|  |TAMS 0x00000000fc500000| PB 0x00000000fc500000| Untracked 
|1990|0x00000000fc600000, 0x00000000fc700000, 0x00000000fc700000|100%| O|  |TAMS 0x00000000fc600000| PB 0x00000000fc600000| Untracked 
|1991|0x00000000fc700000, 0x00000000fc800000, 0x00000000fc800000|100%| O|  |TAMS 0x00000000fc700000| PB 0x00000000fc700000| Untracked 
|1992|0x00000000fc800000, 0x00000000fc900000, 0x00000000fc900000|100%| O|  |TAMS 0x00000000fc800000| PB 0x00000000fc800000| Untracked 
|1993|0x00000000fc900000, 0x00000000fc900000, 0x00000000fca00000|  0%| F|  |TAMS 0x00000000fc900000| PB 0x00000000fc900000| Untracked 
|1994|0x00000000fca00000, 0x00000000fca00000, 0x00000000fcb00000|  0%| F|  |TAMS 0x00000000fca00000| PB 0x00000000fca00000| Untracked 
|1995|0x00000000fcb00000, 0x00000000fcb00000, 0x00000000fcc00000|  0%| F|  |TAMS 0x00000000fcb00000| PB 0x00000000fcb00000| Untracked 
|1996|0x00000000fcc00000, 0x00000000fcc00000, 0x00000000fcd00000|  0%| F|  |TAMS 0x00000000fcc00000| PB 0x00000000fcc00000| Untracked 
|1997|0x00000000fcd00000, 0x00000000fcd00000, 0x00000000fce00000|  0%| F|  |TAMS 0x00000000fcd00000| PB 0x00000000fcd00000| Untracked 
|1998|0x00000000fce00000, 0x00000000fce00000, 0x00000000fcf00000|  0%| F|  |TAMS 0x00000000fce00000| PB 0x00000000fce00000| Untracked 
|1999|0x00000000fcf00000, 0x00000000fcf00000, 0x00000000fd000000|  0%| F|  |TAMS 0x00000000fcf00000| PB 0x00000000fcf00000| Untracked 
|2000|0x00000000fd000000, 0x00000000fd000000, 0x00000000fd100000|  0%| F|  |TAMS 0x00000000fd000000| PB 0x00000000fd000000| Untracked 
|2001|0x00000000fd100000, 0x00000000fd100000, 0x00000000fd200000|  0%| F|  |TAMS 0x00000000fd100000| PB 0x00000000fd100000| Untracked 
|2002|0x00000000fd200000, 0x00000000fd200000, 0x00000000fd300000|  0%| F|  |TAMS 0x00000000fd200000| PB 0x00000000fd200000| Untracked 
|2003|0x00000000fd300000, 0x00000000fd300000, 0x00000000fd400000|  0%| F|  |TAMS 0x00000000fd300000| PB 0x00000000fd300000| Untracked 
|2004|0x00000000fd400000, 0x00000000fd400000, 0x00000000fd500000|  0%| F|  |TAMS 0x00000000fd400000| PB 0x00000000fd400000| Untracked 
|2005|0x00000000fd500000, 0x00000000fd500000, 0x00000000fd600000|  0%| F|  |TAMS 0x00000000fd500000| PB 0x00000000fd500000| Untracked 
|2006|0x00000000fd600000, 0x00000000fd600000, 0x00000000fd700000|  0%| F|  |TAMS 0x00000000fd600000| PB 0x00000000fd600000| Untracked 
|2007|0x00000000fd700000, 0x00000000fd700000, 0x00000000fd800000|  0%| F|  |TAMS 0x00000000fd700000| PB 0x00000000fd700000| Untracked 
|2008|0x00000000fd800000, 0x00000000fd800000, 0x00000000fd900000|  0%| F|  |TAMS 0x00000000fd800000| PB 0x00000000fd800000| Untracked 
|2009|0x00000000fd900000, 0x00000000fd900000, 0x00000000fda00000|  0%| F|  |TAMS 0x00000000fd900000| PB 0x00000000fd900000| Untracked 
|2010|0x00000000fda00000, 0x00000000fda00000, 0x00000000fdb00000|  0%| F|  |TAMS 0x00000000fda00000| PB 0x00000000fda00000| Untracked 
|2011|0x00000000fdb00000, 0x00000000fdb00000, 0x00000000fdc00000|  0%| F|  |TAMS 0x00000000fdb00000| PB 0x00000000fdb00000| Untracked 
|2012|0x00000000fdc00000, 0x00000000fdc00000, 0x00000000fdd00000|  0%| F|  |TAMS 0x00000000fdc00000| PB 0x00000000fdc00000| Untracked 
|2013|0x00000000fdd00000, 0x00000000fdd00000, 0x00000000fde00000|  0%| F|  |TAMS 0x00000000fdd00000| PB 0x00000000fdd00000| Untracked 
|2014|0x00000000fde00000, 0x00000000fde40ef0, 0x00000000fdf00000| 25%| S|CS|TAMS 0x00000000fde00000| PB 0x00000000fde00000| Complete 
|2015|0x00000000fdf00000, 0x00000000fe000000, 0x00000000fe000000|100%| S|CS|TAMS 0x00000000fdf00000| PB 0x00000000fdf00000| Complete 
|2016|0x00000000fe000000, 0x00000000fe000000, 0x00000000fe100000|  0%| F|  |TAMS 0x00000000fe000000| PB 0x00000000fe000000| Untracked 
|2017|0x00000000fe100000, 0x00000000fe100000, 0x00000000fe200000|  0%| F|  |TAMS 0x00000000fe100000| PB 0x00000000fe100000| Untracked 
|2018|0x00000000fe200000, 0x00000000fe200000, 0x00000000fe300000|  0%| F|  |TAMS 0x00000000fe200000| PB 0x00000000fe200000| Untracked 
|2019|0x00000000fe300000, 0x00000000fe300000, 0x00000000fe400000|  0%| F|  |TAMS 0x00000000fe300000| PB 0x00000000fe300000| Untracked 
|2020|0x00000000fe400000, 0x00000000fe400000, 0x00000000fe500000|  0%| F|  |TAMS 0x00000000fe400000| PB 0x00000000fe400000| Untracked 
|2021|0x00000000fe500000, 0x00000000fe500000, 0x00000000fe600000|  0%| F|  |TAMS 0x00000000fe500000| PB 0x00000000fe500000| Untracked 
|2022|0x00000000fe600000, 0x00000000fe600000, 0x00000000fe700000|  0%| F|  |TAMS 0x00000000fe600000| PB 0x00000000fe600000| Untracked 
|2023|0x00000000fe700000, 0x00000000fe700000, 0x00000000fe800000|  0%| F|  |TAMS 0x00000000fe700000| PB 0x00000000fe700000| Untracked 
|2024|0x00000000fe800000, 0x00000000fe800000, 0x00000000fe900000|  0%| F|  |TAMS 0x00000000fe800000| PB 0x00000000fe800000| Untracked 
|2025|0x00000000fe900000, 0x00000000fe900000, 0x00000000fea00000|  0%| F|  |TAMS 0x00000000fe900000| PB 0x00000000fe900000| Untracked 
|2026|0x00000000fea00000, 0x00000000fea00000, 0x00000000feb00000|  0%| F|  |TAMS 0x00000000fea00000| PB 0x00000000fea00000| Untracked 
|2027|0x00000000feb00000, 0x00000000feb00000, 0x00000000fec00000|  0%| F|  |TAMS 0x00000000feb00000| PB 0x00000000feb00000| Untracked 
|2028|0x00000000fec00000, 0x00000000fed00000, 0x00000000fed00000|100%| O|  |TAMS 0x00000000fec00000| PB 0x00000000fec00000| Untracked 
|2029|0x00000000fed00000, 0x00000000fed00000, 0x00000000fee00000|  0%| F|  |TAMS 0x00000000fed00000| PB 0x00000000fed00000| Untracked 
|2030|0x00000000fee00000, 0x00000000fef00000, 0x00000000fef00000|100%| O|  |TAMS 0x00000000fee00000| PB 0x00000000fee00000| Untracked 
|2031|0x00000000fef00000, 0x00000000ff000000, 0x00000000ff000000|100%| O|  |TAMS 0x00000000fef00000| PB 0x00000000fef00000| Untracked 
|2032|0x00000000ff000000, 0x00000000ff100000, 0x00000000ff100000|100%| O|  |TAMS 0x00000000ff000000| PB 0x00000000ff000000| Untracked 
|2033|0x00000000ff100000, 0x00000000ff200000, 0x00000000ff200000|100%| O|  |TAMS 0x00000000ff100000| PB 0x00000000ff100000| Untracked 
|2034|0x00000000ff200000, 0x00000000ff300000, 0x00000000ff300000|100%| O|  |TAMS 0x00000000ff200000| PB 0x00000000ff200000| Untracked 
|2035|0x00000000ff300000, 0x00000000ff400000, 0x00000000ff400000|100%| O|  |TAMS 0x00000000ff300000| PB 0x00000000ff300000| Untracked 
|2036|0x00000000ff400000, 0x00000000ff500000, 0x00000000ff500000|100%| O|  |TAMS 0x00000000ff400000| PB 0x00000000ff400000| Untracked 
|2037|0x00000000ff500000, 0x00000000ff500000, 0x00000000ff600000|  0%| F|  |TAMS 0x00000000ff500000| PB 0x00000000ff500000| Untracked 
|2038|0x00000000ff600000, 0x00000000ff700000, 0x00000000ff700000|100%| O|  |TAMS 0x00000000ff600000| PB 0x00000000ff600000| Untracked 
|2039|0x00000000ff700000, 0x00000000ff700000, 0x00000000ff800000|  0%| F|  |TAMS 0x00000000ff700000| PB 0x00000000ff700000| Untracked 
|2040|0x00000000ff800000, 0x00000000ff800000, 0x00000000ff900000|  0%| F|  |TAMS 0x00000000ff800000| PB 0x00000000ff800000| Untracked 
|2041|0x00000000ff900000, 0x00000000ff900000, 0x00000000ffa00000|  0%| F|  |TAMS 0x00000000ff900000| PB 0x00000000ff900000| Untracked 
|2042|0x00000000ffa00000, 0x00000000ffa00000, 0x00000000ffb00000|  0%| F|  |TAMS 0x00000000ffa00000| PB 0x00000000ffa00000| Untracked 
|2043|0x00000000ffb00000, 0x00000000ffb00000, 0x00000000ffc00000|  0%| F|  |TAMS 0x00000000ffb00000| PB 0x00000000ffb00000| Untracked 
|2044|0x00000000ffc00000, 0x00000000ffd00000, 0x00000000ffd00000|100%| O|  |TAMS 0x00000000ffc00000| PB 0x00000000ffc00000| Untracked 
|2045|0x00000000ffd00000, 0x00000000ffd00000, 0x00000000ffe00000|  0%| F|  |TAMS 0x00000000ffd00000| PB 0x00000000ffd00000| Untracked 
|2046|0x00000000ffe00000, 0x00000000ffe00000, 0x00000000fff00000|  0%| F|  |TAMS 0x00000000ffe00000| PB 0x00000000ffe00000| Untracked 
|2047|0x00000000fff00000, 0x00000000fff00000, 0x0000000100000000|  0%| F|  |TAMS 0x00000000fff00000| PB 0x00000000fff00000| Untracked 

Card table byte_map: [0x00000243ff450000,0x00000243ff850000] _byte_map_base: 0x00000243ff050000

Marking Bits: (CMBitMap*) 0x00000243f97b0d80
 Bits: [0x000002438f000000, 0x0000024391000000)

Polling page: 0x00000243f9220000

Metaspace:

Usage:
  Non-class:    139.08 MB used.
      Class:     22.32 MB used.
       Both:    161.40 MB used.

Virtual space:
  Non-class space:      192.00 MB reserved,     140.31 MB ( 73%) committed,  3 nodes.
      Class space:        1.00 GB reserved,      23.50 MB (  2%) committed,  1 nodes.
             Both:        1.19 GB reserved,     163.81 MB ( 13%) committed. 

Chunk freelists:
   Non-Class:  3.47 MB
       Class:  8.47 MB
        Both:  11.94 MB

MaxMetaspaceSize: unlimited
CompressedClassSpaceSize: 1.00 GB
Initial GC threshold: 21.00 MB
Current GC threshold: 273.06 MB
CDS: off
 - commit_granule_bytes: 65536.
 - commit_granule_words: 8192.
 - virtual_space_node_default_size: 8388608.
 - enlarge_chunks_in_place: 1.
 - use_allocation_guard: 0.


Internal statistics:

num_allocs_failed_limit: 6.
num_arena_births: 4898.
num_arena_deaths: 48.
num_vsnodes_births: 4.
num_vsnodes_deaths: 0.
num_space_committed: 2612.
num_space_uncommitted: 0.
num_chunks_returned_to_freelist: 78.
num_chunks_taken_from_freelist: 11936.
num_chunk_merges: 19.
num_chunk_splits: 7919.
num_chunks_enlarged: 5213.
num_inconsistent_stats: 0.

CodeHeap 'non-profiled nmethods': size=120000Kb used=15103Kb max_used=15103Kb free=104896Kb
 bounds [0x0000024387ad0000, 0x0000024388a00000, 0x000002438f000000]
CodeHeap 'profiled nmethods': size=120000Kb used=37964Kb max_used=43543Kb free=82035Kb
 bounds [0x0000024380000000, 0x0000024382ab0000, 0x0000024387530000]
CodeHeap 'non-nmethods': size=5760Kb used=2114Kb max_used=2170Kb free=3645Kb
 bounds [0x0000024387530000, 0x00000243877a0000, 0x0000024387ad0000]
CodeCache: size=245760Kb, used=55181Kb, max_used=60816Kb, free=190576Kb
 total_blobs=19759, nmethods=18804, adapters=856, full_count=0
Compilation: enabled, stopped_count=0, restarted_count=0

Compilation events (20 events):
Event: 101.094 Thread 0x000002439350ca90 31199       3       com.android.tools.r8.internal.or3::e (34 bytes)
Event: 101.094 Thread 0x000002439350ca90 nmethod 31199 0x00000243805c4a10 code [0x00000243805c4c20, 0x00000243805c50f0]
Event: 101.095 Thread 0x000002439350ca90 31200       3       com.android.tools.r8.internal.qb::<init> (19 bytes)
Event: 101.096 Thread 0x000002439350ca90 nmethod 31200 0x000002438061af10 code [0x000002438061b100, 0x000002438061b530]
Event: 101.104 Thread 0x000002439350ca90 31201       3       com.android.tools.r8.internal.gt::b (25 bytes)
Event: 101.104 Thread 0x000002439350ca90 nmethod 31201 0x00000243807f3a90 code [0x00000243807f3c40, 0x00000243807f3df0]
Event: 101.124 Thread 0x000002439350ca90 31202       3       com.android.tools.r8.internal.s14::<init> (10 bytes)
Event: 101.124 Thread 0x000002439350ca90 nmethod 31202 0x0000024382867c90 code [0x0000024382867e40, 0x0000024382867f78]
Event: 101.124 Thread 0x000002439350ca90 31203       3       com.android.tools.r8.internal.v0::a (37 bytes)
Event: 101.125 Thread 0x000002439350ca90 nmethod 31203 0x000002438137f810 code [0x000002438137fa20, 0x000002438137ff88]
Event: 101.125 Thread 0x000002439350ca90 31204       3       com.android.tools.r8.internal.yf0::hashCode (31 bytes)
Event: 101.126 Thread 0x000002439350ca90 nmethod 31204 0x0000024380f1bc10 code [0x0000024380f1bde0, 0x0000024380f1c050]
Event: 101.134 Thread 0x000002439350ca90 31205       2       com.android.tools.r8.internal.nf2::a (27 bytes)
Event: 101.135 Thread 0x000002439350ca90 nmethod 31205 0x0000024380f30290 code [0x0000024380f30460, 0x0000024380f306c0]
Event: 101.135 Thread 0x000002439350ca90 31206       2       com.android.tools.r8.internal.gj0::<init> (35 bytes)
Event: 101.135 Thread 0x000002439350ca90 nmethod 31206 0x0000024382854910 code [0x0000024382854ac0, 0x0000024382854c00]
Event: 101.135 Thread 0x000002439350ca90 31207       2       com.android.tools.r8.internal.zf0::hashCode (22 bytes)
Event: 101.136 Thread 0x000002439350ca90 nmethod 31207 0x0000024382869010 code [0x00000243828691c0, 0x0000024382869320]
Event: 101.207 Thread 0x000002439350ca90 31209       3       com.android.tools.r8.ir.optimize.z::a (563 bytes)
Event: 101.210 Thread 0x000002439350ca90 nmethod 31209 0x00000243800dec90 code [0x00000243800df1a0, 0x00000243800e15e8]

GC Heap History (20 events):
Event: 96.586 GC heap after
{Heap after GC invocations=141 (full 0):
 garbage-first heap   total 552960K, used 280341K [0x0000000080000000, 0x0000000100000000)
  region size 1024K, 31 young (31744K), 31 survivors (31744K)
 Metaspace       used 165201K, committed 167680K, reserved 1245184K
  class space    used 22850K, committed 24064K, reserved 1048576K
}
Event: 96.997 GC heap before
{Heap before GC invocations=141 (full 0):
 garbage-first heap   total 552960K, used 519957K [0x0000000080000000, 0x0000000100000000)
  region size 1024K, 266 young (272384K), 31 survivors (31744K)
 Metaspace       used 165209K, committed 167680K, reserved 1245184K
  class space    used 22850K, committed 24064K, reserved 1048576K
}
Event: 97.013 GC heap after
{Heap after GC invocations=142 (full 0):
 garbage-first heap   total 553984K, used 281439K [0x0000000080000000, 0x0000000100000000)
  region size 1024K, 17 young (17408K), 17 survivors (17408K)
 Metaspace       used 165209K, committed 167680K, reserved 1245184K
  class space    used 22850K, committed 24064K, reserved 1048576K
}
Event: 97.656 GC heap before
{Heap before GC invocations=143 (full 0):
 garbage-first heap   total 553984K, used 525151K [0x0000000080000000, 0x0000000100000000)
  region size 1024K, 255 young (261120K), 17 survivors (17408K)
 Metaspace       used 165222K, committed 167680K, reserved 1245184K
  class space    used 22852K, committed 24064K, reserved 1048576K
}
Event: 97.669 GC heap after
{Heap after GC invocations=144 (full 0):
 garbage-first heap   total 553984K, used 282463K [0x0000000080000000, 0x0000000100000000)
  region size 1024K, 18 young (18432K), 18 survivors (18432K)
 Metaspace       used 165222K, committed 167680K, reserved 1245184K
  class space    used 22852K, committed 24064K, reserved 1048576K
}
Event: 98.055 GC heap before
{Heap before GC invocations=144 (full 0):
 garbage-first heap   total 553984K, used 524127K [0x0000000080000000, 0x0000000100000000)
  region size 1024K, 255 young (261120K), 18 survivors (18432K)
 Metaspace       used 165251K, committed 167744K, reserved 1245184K
  class space    used 22853K, committed 24064K, reserved 1048576K
}
Event: 98.072 GC heap after
{Heap after GC invocations=145 (full 0):
 garbage-first heap   total 553984K, used 279308K [0x0000000080000000, 0x0000000100000000)
  region size 1024K, 5 young (5120K), 5 survivors (5120K)
 Metaspace       used 165251K, committed 167744K, reserved 1245184K
  class space    used 22853K, committed 24064K, reserved 1048576K
}
Event: 98.211 GC heap before
{Heap before GC invocations=145 (full 0):
 garbage-first heap   total 553984K, used 333580K [0x0000000080000000, 0x0000000100000000)
  region size 1024K, 60 young (61440K), 5 survivors (5120K)
 Metaspace       used 165255K, committed 167744K, reserved 1245184K
  class space    used 22853K, committed 24064K, reserved 1048576K
}
Event: 99.233 GC heap after
{Heap after GC invocations=146 (full 0):
 garbage-first heap   total 629760K, used 279481K [0x0000000080000000, 0x0000000100000000)
  region size 1024K, 6 young (6144K), 6 survivors (6144K)
 Metaspace       used 165255K, committed 167744K, reserved 1245184K
  class space    used 22853K, committed 24064K, reserved 1048576K
}
Event: 99.296 GC heap before
{Heap before GC invocations=146 (full 0):
 garbage-first heap   total 629760K, used 304057K [0x0000000080000000, 0x0000000100000000)
  region size 1024K, 30 young (30720K), 6 survivors (6144K)
 Metaspace       used 165257K, committed 167744K, reserved 1245184K
  class space    used 22853K, committed 24064K, reserved 1048576K
}
Event: 99.301 GC heap after
{Heap after GC invocations=147 (full 0):
 garbage-first heap   total 629760K, used 279997K [0x0000000080000000, 0x0000000100000000)
  region size 1024K, 2 young (2048K), 2 survivors (2048K)
 Metaspace       used 165257K, committed 167744K, reserved 1245184K
  class space    used 22853K, committed 24064K, reserved 1048576K
}
Event: 99.372 GC heap before
{Heap before GC invocations=147 (full 0):
 garbage-first heap   total 629760K, used 308669K [0x0000000080000000, 0x0000000100000000)
  region size 1024K, 30 young (30720K), 2 survivors (2048K)
 Metaspace       used 165257K, committed 167744K, reserved 1245184K
  class space    used 22853K, committed 24064K, reserved 1048576K
}
Event: 99.374 GC heap after
{Heap after GC invocations=148 (full 0):
 garbage-first heap   total 629760K, used 278259K [0x0000000080000000, 0x0000000100000000)
  region size 1024K, 2 young (2048K), 2 survivors (2048K)
 Metaspace       used 165257K, committed 167744K, reserved 1245184K
  class space    used 22853K, committed 24064K, reserved 1048576K
}
Event: 99.448 GC heap before
{Heap before GC invocations=148 (full 0):
 garbage-first heap   total 629760K, used 306931K [0x0000000080000000, 0x0000000100000000)
  region size 1024K, 30 young (30720K), 2 survivors (2048K)
 Metaspace       used 165259K, committed 167744K, reserved 1245184K
  class space    used 22853K, committed 24064K, reserved 1048576K
}
Event: 99.451 GC heap after
{Heap after GC invocations=149 (full 0):
 garbage-first heap   total 629760K, used 278215K [0x0000000080000000, 0x0000000100000000)
  region size 1024K, 2 young (2048K), 2 survivors (2048K)
 Metaspace       used 165259K, committed 167744K, reserved 1245184K
  class space    used 22853K, committed 24064K, reserved 1048576K
}
Event: 99.565 GC heap before
{Heap before GC invocations=149 (full 0):
 garbage-first heap   total 629760K, used 305863K [0x0000000080000000, 0x0000000100000000)
  region size 1024K, 30 young (30720K), 2 survivors (2048K)
 Metaspace       used 165259K, committed 167744K, reserved 1245184K
  class space    used 22853K, committed 24064K, reserved 1048576K
}
Event: 99.568 GC heap after
{Heap after GC invocations=150 (full 0):
 garbage-first heap   total 629760K, used 278395K [0x0000000080000000, 0x0000000100000000)
  region size 1024K, 2 young (2048K), 2 survivors (2048K)
 Metaspace       used 165259K, committed 167744K, reserved 1245184K
  class space    used 22853K, committed 24064K, reserved 1048576K
}
Event: 99.773 GC heap before
{Heap before GC invocations=150 (full 0):
 garbage-first heap   total 629760K, used 307067K [0x0000000080000000, 0x0000000100000000)
  region size 1024K, 30 young (30720K), 2 survivors (2048K)
 Metaspace       used 165259K, committed 167744K, reserved 1245184K
  class space    used 22853K, committed 24064K, reserved 1048576K
}
Event: 99.776 GC heap after
{Heap after GC invocations=151 (full 0):
 garbage-first heap   total 629760K, used 278551K [0x0000000080000000, 0x0000000100000000)
  region size 1024K, 2 young (2048K), 2 survivors (2048K)
 Metaspace       used 165259K, committed 167744K, reserved 1245184K
  class space    used 22853K, committed 24064K, reserved 1048576K
}
Event: 101.235 GC heap before
{Heap before GC invocations=152 (full 0):
 garbage-first heap   total 629760K, used 594967K [0x0000000080000000, 0x0000000100000000)
  region size 1024K, 312 young (319488K), 2 survivors (2048K)
 Metaspace       used 165270K, committed 167744K, reserved 1245184K
  class space    used 22854K, committed 24064K, reserved 1048576K
}

Dll operation events (3 events):
Event: 0.047 Loaded shared library C:\Program Files\Android\Android Studio\jbr\bin\java.dll
Event: 0.069 Loaded shared library C:\Program Files\Android\Android Studio\jbr\bin\zip.dll
Event: 1.636 Loaded shared library C:\Program Files\Android\Android Studio\jbr\bin\verify.dll

Deoptimization events (20 events):
Event: 100.944 Thread 0x000002439afc8520 DEOPT PACKING pc=0x000002438897ed8c sp=0x0000005a077f9070
Event: 100.944 Thread 0x000002439afc8520 DEOPT UNPACKING pc=0x00000243875843a2 sp=0x0000005a077f9018 mode 2
Event: 100.953 Thread 0x000002439afc8bb0 DEOPT PACKING pc=0x0000024380c03731 sp=0x0000005a078fa340
Event: 100.953 Thread 0x000002439afc8bb0 DEOPT UNPACKING pc=0x0000024387584b42 sp=0x0000005a078f98a0 mode 0
Event: 101.006 Thread 0x000002439afc8520 DEOPT PACKING pc=0x0000024380ac82f5 sp=0x0000005a077f9f00
Event: 101.009 Thread 0x000002439afc8520 DEOPT UNPACKING pc=0x0000024387584b42 sp=0x0000005a077f9408 mode 0
Event: 101.051 Thread 0x000002439afc98d0 DEOPT PACKING pc=0x0000024382405d16 sp=0x0000005a074f9370
Event: 101.051 Thread 0x000002439afc98d0 DEOPT UNPACKING pc=0x0000024387584b42 sp=0x0000005a074f8a68 mode 0
Event: 101.059 Thread 0x000002439afc98d0 DEOPT PACKING pc=0x0000024380c03731 sp=0x0000005a074f9cd0
Event: 101.059 Thread 0x000002439afc98d0 DEOPT UNPACKING pc=0x0000024387584b42 sp=0x0000005a074f9230 mode 0
Event: 101.108 Thread 0x000002439afc6450 DEOPT PACKING pc=0x0000024382a96645 sp=0x0000005a075fa4e0
Event: 101.108 Thread 0x000002439afc6450 DEOPT UNPACKING pc=0x0000024387584b42 sp=0x0000005a075f9d68 mode 0
Event: 101.149 Thread 0x000002439bcb3490 DEOPT PACKING pc=0x0000024380c03731 sp=0x0000005a06df9ee0
Event: 101.149 Thread 0x000002439bcb3490 DEOPT UNPACKING pc=0x0000024387584b42 sp=0x0000005a06df9440 mode 0
Event: 101.204 Thread 0x000002439afc6450 Uncommon trap: trap_request=0xffffff45 fr.pc=0x00000243888fdcd8 relative=0x00000000000061f8
Event: 101.204 Thread 0x000002439afc6450 Uncommon trap: reason=unstable_if action=reinterpret pc=0x00000243888fdcd8 method=com.android.tools.r8.internal.l80.a(C)Z @ 15 c2
Event: 101.204 Thread 0x000002439afc6450 DEOPT PACKING pc=0x00000243888fdcd8 sp=0x0000005a075fa0e0
Event: 101.204 Thread 0x000002439afc6450 DEOPT UNPACKING pc=0x00000243875843a2 sp=0x0000005a075fa020 mode 2
Event: 101.226 Thread 0x000002439afc8bb0 DEOPT PACKING pc=0x0000024380c036ef sp=0x0000005a078fa340
Event: 101.226 Thread 0x000002439afc8bb0 DEOPT UNPACKING pc=0x0000024387584b42 sp=0x0000005a078f98a0 mode 0

Classes loaded (20 events):
Event: 77.796 Loading class java/util/IdentityHashMap$IdentityHashMapSpliterator done
Event: 77.797 Loading class java/util/IdentityHashMap$EntrySpliterator done
Event: 77.838 Loading class java/util/SortedSet$1
Event: 77.839 Loading class java/util/SortedSet$1 done
Event: 77.864 Loading class java/util/PriorityQueue
Event: 77.866 Loading class java/util/PriorityQueue done
Event: 77.882 Loading class java/util/IdentityHashMap$ValueIterator
Event: 77.882 Loading class java/util/IdentityHashMap$ValueIterator done
Event: 78.509 Loading class java/util/concurrent/ConcurrentHashMap$TreeNode
Event: 78.555 Loading class java/util/concurrent/ConcurrentHashMap$TreeNode done
Event: 78.555 Loading class java/util/concurrent/ConcurrentHashMap$TreeBin
Event: 78.572 Loading class java/util/concurrent/ConcurrentHashMap$TreeBin done
Event: 80.130 Loading class java/nio/ShortBuffer
Event: 80.185 Loading class java/nio/ShortBuffer done
Event: 80.421 Loading class java/nio/ByteBufferAsShortBufferL
Event: 80.456 Loading class java/nio/ByteBufferAsShortBufferL done
Event: 80.580 Loading class java/util/zip/Adler32
Event: 80.582 Loading class java/util/zip/Adler32 done
Event: 80.682 Loading class java/nio/file/Files$2
Event: 80.686 Loading class java/nio/file/Files$2 done

Classes unloaded (20 events):
Event: 24.512 Thread 0x00000243ffb5e7a0 Unloading class 0x0000000100997c00 'SetupUtpTestResultListenerAction'
Event: 79.625 Thread 0x00000243ffb5e7a0 Unloading class 0x00000001015fc400 'java/lang/invoke/LambdaForm$DMH+0x00000001015fc400'
Event: 79.626 Thread 0x00000243ffb5e7a0 Unloading class 0x00000001015fc800 'java/lang/invoke/LambdaForm$DMH+0x00000001015fc800'
Event: 79.626 Thread 0x00000243ffb5e7a0 Unloading class 0x000000010154dc00 'java/lang/invoke/LambdaForm$DMH+0x000000010154dc00'
Event: 79.626 Thread 0x00000243ffb5e7a0 Unloading class 0x000000010154d800 'java/lang/invoke/LambdaForm$DMH+0x000000010154d800'
Event: 79.626 Thread 0x00000243ffb5e7a0 Unloading class 0x000000010154d400 'java/lang/invoke/LambdaForm$DMH+0x000000010154d400'
Event: 79.626 Thread 0x00000243ffb5e7a0 Unloading class 0x000000010154d000 'java/lang/invoke/LambdaForm$DMH+0x000000010154d000'
Event: 79.626 Thread 0x00000243ffb5e7a0 Unloading class 0x000000010154c000 'java/lang/invoke/LambdaForm$DMH+0x000000010154c000'
Event: 79.626 Thread 0x00000243ffb5e7a0 Unloading class 0x000000010154c400 'java/lang/invoke/LambdaForm$DMH+0x000000010154c400'
Event: 79.626 Thread 0x00000243ffb5e7a0 Unloading class 0x000000010154cc00 'java/lang/invoke/LambdaForm$DMH+0x000000010154cc00'
Event: 79.626 Thread 0x00000243ffb5e7a0 Unloading class 0x00000001014d8400 'java/lang/invoke/LambdaForm$DMH+0x00000001014d8400'
Event: 83.966 Thread 0x00000243ffb5e7a0 Unloading class 0x0000000101700400 'java/lang/invoke/LambdaForm$DMH+0x0000000101700400'
Event: 83.966 Thread 0x00000243ffb5e7a0 Unloading class 0x0000000101700800 'java/lang/invoke/LambdaForm$DMH+0x0000000101700800'
Event: 83.966 Thread 0x00000243ffb5e7a0 Unloading class 0x00000001016e9800 'java/lang/invoke/LambdaForm$MH+0x00000001016e9800'
Event: 83.966 Thread 0x00000243ffb5e7a0 Unloading class 0x00000001016d0400 'java/lang/invoke/LambdaForm$DMH+0x00000001016d0400'
Event: 83.966 Thread 0x00000243ffb5e7a0 Unloading class 0x00000001016a0000 'java/lang/invoke/LambdaForm$DMH+0x00000001016a0000'
Event: 83.966 Thread 0x00000243ffb5e7a0 Unloading class 0x0000000101698800 'java/lang/invoke/LambdaForm$DMH+0x0000000101698800'
Event: 83.966 Thread 0x00000243ffb5e7a0 Unloading class 0x0000000101698400 'java/lang/invoke/LambdaForm$DMH+0x0000000101698400'
Event: 83.966 Thread 0x00000243ffb5e7a0 Unloading class 0x0000000101660400 'java/lang/invoke/LambdaForm$DMH+0x0000000101660400'
Event: 83.966 Thread 0x00000243ffb5e7a0 Unloading class 0x0000000101660000 'java/lang/invoke/LambdaForm$DMH+0x0000000101660000'

Classes redefined (0 events):
No events

Internal exceptions (20 events):
Event: 100.988 Thread 0x000002439afc6ae0 Exception <a 'sun/nio/fs/WindowsException'{0x0000000097ecd9a0}> (0x0000000097ecd9a0) 
thrown [s\src\hotspot\share\prims\jni.cpp, line 537]
Event: 100.990 Thread 0x000002439afc6ae0 Exception <a 'sun/nio/fs/WindowsException'{0x0000000097d83d60}> (0x0000000097d83d60) 
thrown [s\src\hotspot\share\prims\jni.cpp, line 537]
Event: 100.991 Thread 0x000002439afc6ae0 Exception <a 'sun/nio/fs/WindowsException'{0x0000000097d84ba0}> (0x0000000097d84ba0) 
thrown [s\src\hotspot\share\prims\jni.cpp, line 537]
Event: 100.991 Thread 0x000002439afc6ae0 Exception <a 'sun/nio/fs/WindowsException'{0x0000000097d85bd8}> (0x0000000097d85bd8) 
thrown [s\src\hotspot\share\prims\jni.cpp, line 537]
Event: 100.992 Thread 0x000002439afc6ae0 Exception <a 'sun/nio/fs/WindowsException'{0x0000000097d86e78}> (0x0000000097d86e78) 
thrown [s\src\hotspot\share\prims\jni.cpp, line 537]
Event: 101.014 Thread 0x000002439afc6ae0 Exception <a 'sun/nio/fs/WindowsException'{0x000000009782f888}> (0x000000009782f888) 
thrown [s\src\hotspot\share\prims\jni.cpp, line 537]
Event: 101.020 Thread 0x000002439afc6ae0 Exception <a 'sun/nio/fs/WindowsException'{0x0000000097411650}> (0x0000000097411650) 
thrown [s\src\hotspot\share\prims\jni.cpp, line 537]
Event: 101.046 Thread 0x000002439afc6ae0 Exception <a 'sun/nio/fs/WindowsException'{0x0000000096bad4e8}> (0x0000000096bad4e8) 
thrown [s\src\hotspot\share\prims\jni.cpp, line 537]
Event: 101.047 Thread 0x000002439afc6ae0 Exception <a 'sun/nio/fs/WindowsException'{0x0000000096a5be60}> (0x0000000096a5be60) 
thrown [s\src\hotspot\share\prims\jni.cpp, line 537]
Event: 101.048 Thread 0x000002439afc6ae0 Exception <a 'sun/nio/fs/WindowsException'{0x0000000096a5cca0}> (0x0000000096a5cca0) 
thrown [s\src\hotspot\share\prims\jni.cpp, line 537]
Event: 101.049 Thread 0x000002439afc6ae0 Exception <a 'sun/nio/fs/WindowsException'{0x0000000096a5dcd8}> (0x0000000096a5dcd8) 
thrown [s\src\hotspot\share\prims\jni.cpp, line 537]
Event: 101.049 Thread 0x000002439afc6ae0 Exception <a 'sun/nio/fs/WindowsException'{0x00000000969acd20}> (0x00000000969acd20) 
thrown [s\src\hotspot\share\prims\jni.cpp, line 537]
Event: 101.055 Thread 0x000002439afc6ae0 Exception <a 'sun/nio/fs/WindowsException'{0x00000000969b3950}> (0x00000000969b3950) 
thrown [s\src\hotspot\share\prims\jni.cpp, line 537]
Event: 101.056 Thread 0x000002439afc6ae0 Exception <a 'sun/nio/fs/WindowsException'{0x00000000969b4ac0}> (0x00000000969b4ac0) 
thrown [s\src\hotspot\share\prims\jni.cpp, line 537]
Event: 101.060 Thread 0x000002439afc6ae0 Exception <a 'sun/nio/fs/WindowsException'{0x00000000966b0ff8}> (0x00000000966b0ff8) 
thrown [s\src\hotspot\share\prims\jni.cpp, line 537]
Event: 101.061 Thread 0x000002439afc6ae0 Exception <a 'sun/nio/fs/WindowsException'{0x00000000966b2208}> (0x00000000966b2208) 
thrown [s\src\hotspot\share\prims\jni.cpp, line 537]
Event: 101.066 Thread 0x000002439afc6ae0 Exception <a 'sun/nio/fs/WindowsException'{0x00000000966b3418}> (0x00000000966b3418) 
thrown [s\src\hotspot\share\prims\jni.cpp, line 537]
Event: 101.167 Thread 0x000002439afc6ae0 Exception <a 'sun/nio/fs/WindowsException'{0x00000000966b4c30}> (0x00000000966b4c30) 
thrown [s\src\hotspot\share\prims\jni.cpp, line 537]
Event: 101.168 Thread 0x000002439afc6ae0 Exception <a 'sun/nio/fs/WindowsException'{0x00000000966b5e78}> (0x00000000966b5e78) 
thrown [s\src\hotspot\share\prims\jni.cpp, line 537]
Event: 101.168 Thread 0x000002439afc6ae0 Exception <a 'sun/nio/fs/WindowsException'{0x00000000966b70c0}> (0x00000000966b70c0) 
thrown [s\src\hotspot\share\prims\jni.cpp, line 537]

ZGC Phase Switch (0 events):
No events

VM Operations (20 events):
Event: 99.233 Executing VM operation: G1TryInitiateConcMark (G1 Humongous Allocation) done
Event: 99.296 Executing VM operation: G1CollectForAllocation (G1 Evacuation Pause)
Event: 99.301 Executing VM operation: G1CollectForAllocation (G1 Evacuation Pause) done
Event: 99.371 Executing VM operation: G1CollectForAllocation (G1 Evacuation Pause)
Event: 99.375 Executing VM operation: G1CollectForAllocation (G1 Evacuation Pause) done
Event: 99.436 Executing VM operation: G1CollectForAllocation (G1 Evacuation Pause)
Event: 99.451 Executing VM operation: G1CollectForAllocation (G1 Evacuation Pause) done
Event: 99.564 Executing VM operation: G1CollectForAllocation (G1 Evacuation Pause)
Event: 99.568 Executing VM operation: G1CollectForAllocation (G1 Evacuation Pause) done
Event: 99.608 Executing VM operation: G1PauseRemark
Event: 99.649 Executing VM operation: G1PauseRemark done
Event: 99.772 Executing VM operation: G1CollectForAllocation (G1 Evacuation Pause)
Event: 99.776 Executing VM operation: G1CollectForAllocation (G1 Evacuation Pause) done
Event: 99.931 Executing VM operation: G1PauseCleanup
Event: 99.948 Executing VM operation: G1PauseCleanup done
Event: 100.101 Executing VM operation: HandshakeAllThreads (Deoptimize)
Event: 100.105 Executing VM operation: HandshakeAllThreads (Deoptimize) done
Event: 101.117 Executing VM operation: Cleanup
Event: 101.117 Executing VM operation: Cleanup done
Event: 101.235 Executing VM operation: G1CollectForAllocation (G1 Evacuation Pause)

Memory protections (0 events):
No events

Nmethod flushes (20 events):
Event: 99.646 Thread 0x00000243ffb5e7a0 flushing  nmethod 0x00000243803bc310
Event: 99.646 Thread 0x00000243ffb5e7a0 flushing  nmethod 0x0000024380762e90
Event: 99.646 Thread 0x00000243ffb5e7a0 flushing  nmethod 0x0000024381760910
Event: 99.646 Thread 0x00000243ffb5e7a0 flushing  nmethod 0x0000024380026090
Event: 99.646 Thread 0x00000243ffb5e7a0 flushing  nmethod 0x00000243808c4990
Event: 99.646 Thread 0x00000243ffb5e7a0 flushing  nmethod 0x0000024380f1d610
Event: 99.646 Thread 0x00000243ffb5e7a0 flushing  nmethod 0x00000243820d8090
Event: 99.646 Thread 0x00000243ffb5e7a0 flushing  nmethod 0x00000243821b3490
Event: 99.646 Thread 0x00000243ffb5e7a0 flushing  nmethod 0x00000243821b3e10
Event: 99.646 Thread 0x00000243ffb5e7a0 flushing  nmethod 0x000002438220b510
Event: 99.646 Thread 0x00000243ffb5e7a0 flushing  nmethod 0x0000024382290390
Event: 99.646 Thread 0x00000243ffb5e7a0 flushing  nmethod 0x0000024382293c90
Event: 99.646 Thread 0x00000243ffb5e7a0 flushing  nmethod 0x0000024382356d90
Event: 99.646 Thread 0x00000243ffb5e7a0 flushing  nmethod 0x0000024382358710
Event: 99.646 Thread 0x00000243ffb5e7a0 flushing  nmethod 0x000002438281a490
Event: 99.646 Thread 0x00000243ffb5e7a0 flushing  nmethod 0x0000024382847f10
Event: 99.646 Thread 0x00000243ffb5e7a0 flushing  nmethod 0x0000024382848810
Event: 99.646 Thread 0x00000243ffb5e7a0 flushing  nmethod 0x0000024382888690
Event: 99.646 Thread 0x00000243ffb5e7a0 flushing  nmethod 0x0000024382975f90
Event: 99.646 Thread 0x00000243ffb5e7a0 flushing  nmethod 0x0000024382979d10

Events (20 events):
Event: 49.620 Thread 0x00000243a2598db0 Thread added: 0x00000243a35a7c10
Event: 49.621 Thread 0x00000243a2598db0 Thread added: 0x00000243a35a4790
Event: 51.138 Thread 0x000002439ceaba30 Thread exited: 0x000002439ceaba30
Event: 57.898 Thread 0x000002439350ca90 Thread added: 0x000002439cea9150
Event: 58.642 Thread 0x000002439cea9150 Thread exited: 0x000002439cea9150
Event: 60.405 Thread 0x00000243a2598db0 Thread added: 0x00000243a35acad0
Event: 60.423 Thread 0x00000243a2598db0 Thread added: 0x00000243a35b0c70
Event: 60.439 Thread 0x00000243a2598db0 Thread added: 0x00000243a35af8c0
Event: 60.456 Thread 0x00000243a2598db0 Thread added: 0x00000243a35ad7f0
Event: 60.472 Thread 0x00000243a2598db0 Thread added: 0x00000243a35b1300
Event: 60.499 Thread 0x00000243a2598db0 Thread added: 0x00000243a35a4100
Event: 65.320 Thread 0x000002439350ca90 Thread added: 0x000002439cea8a80
Event: 66.695 Thread 0x00000243a2598720 Thread added: 0x00000243a3b62d00
Event: 67.736 Thread 0x000002439cea8a80 Thread exited: 0x000002439cea8a80
Event: 67.780 Thread 0x000002439350ca90 Thread added: 0x000002439cea8a80
Event: 68.708 Thread 0x00000243a35a4100 Thread exited: 0x00000243a35a4100
Event: 70.112 Thread 0x000002439cea8a80 Thread exited: 0x000002439cea8a80
Event: 73.799 Thread 0x000002439350ca90 Thread added: 0x000002439cea8a80
Event: 75.636 Thread 0x000002439cea8a80 Thread exited: 0x000002439cea8a80
Event: 76.304 Thread 0x000002439350ca90 Thread added: 0x000002439ceacea0


Dynamic libraries:
0x00007ff664450000 - 0x00007ff66445a000 	C:\Program Files\Android\Android Studio\jbr\bin\java.exe
0x00007ffa4dca0000 - 0x00007ffa4df08000 	C:\WINDOWS\SYSTEM32\ntdll.dll
0x00007ffa4ca50000 - 0x00007ffa4cb19000 	C:\WINDOWS\System32\KERNEL32.DLL
0x00007ffa4b440000 - 0x00007ffa4b831000 	C:\WINDOWS\System32\KERNELBASE.dll
0x00007ff9cc010000 - 0x00007ff9cc0eb000 	C:\Program Files\Bitdefender\Bitdefender Security\bdhkm\dlls_268331555416705227\bdhkm64.dll
0x00007ff9c9d30000 - 0x00007ff9c9f0c000 	C:\Program Files\Bitdefender\Bitdefender Security\atcuf\dlls_268331555274265805\atcuf64.dll
0x00007ffa4b8f0000 - 0x00007ffa4ba3b000 	C:\WINDOWS\System32\ucrtbase.dll
0x00007ffa2d440000 - 0x00007ffa2d458000 	C:\Program Files\Android\Android Studio\jbr\bin\jli.dll
0x00007ffa4c6f0000 - 0x00007ffa4c8b6000 	C:\WINDOWS\System32\USER32.dll
0x00007ffa4b0e0000 - 0x00007ffa4b107000 	C:\WINDOWS\System32\win32u.dll
0x00007ffa4ca20000 - 0x00007ffa4ca4b000 	C:\WINDOWS\System32\GDI32.dll
0x00007ffa4b280000 - 0x00007ffa4b3ab000 	C:\WINDOWS\System32\gdi32full.dll
0x00007ffa4b840000 - 0x00007ffa4b8e3000 	C:\WINDOWS\System32\msvcp_win.dll
0x00007ffa459c0000 - 0x00007ffa459db000 	C:\Program Files\Android\Android Studio\jbr\bin\VCRUNTIME140.dll
0x00007ffa348c0000 - 0x00007ffa34b53000 	C:\WINDOWS\WinSxS\amd64_microsoft.windows.common-controls_6595b64144ccf1df_6.0.26100.7824_none_3e0870b2e3345462\COMCTL32.dll
0x00007ffa4cb20000 - 0x00007ffa4cbc9000 	C:\WINDOWS\System32\msvcrt.dll
0x00007ffa4d2c0000 - 0x00007ffa4d2f1000 	C:\WINDOWS\System32\IMM32.DLL
0x00007ffa45970000 - 0x00007ffa4597c000 	C:\Program Files\Android\Android Studio\jbr\bin\vcruntime140_1.dll
0x00007ffa127b0000 - 0x00007ffa1283d000 	C:\Program Files\Android\Android Studio\jbr\bin\msvcp140.dll
0x00007ff978d80000 - 0x00007ff979a16000 	C:\Program Files\Android\Android Studio\jbr\bin\server\jvm.dll
0x00007ffa4c960000 - 0x00007ffa4ca14000 	C:\WINDOWS\System32\ADVAPI32.dll
0x00007ffa4d720000 - 0x00007ffa4d7c6000 	C:\WINDOWS\System32\sechost.dll
0x00007ffa4d590000 - 0x00007ffa4d6a8000 	C:\WINDOWS\System32\RPCRT4.dll
0x00007ffa4d4a0000 - 0x00007ffa4d514000 	C:\WINDOWS\System32\WS2_32.dll
0x00007ffa4a3e0000 - 0x00007ffa4a43e000 	C:\WINDOWS\SYSTEM32\POWRPROF.dll
0x00007ffa400d0000 - 0x00007ffa40105000 	C:\WINDOWS\SYSTEM32\WINMM.dll
0x00007ffa48270000 - 0x00007ffa4827b000 	C:\WINDOWS\SYSTEM32\VERSION.dll
0x00007ffa4a3c0000 - 0x00007ffa4a3d4000 	C:\WINDOWS\SYSTEM32\UMPDC.dll
0x00007ffa49320000 - 0x00007ffa4933b000 	C:\WINDOWS\SYSTEM32\kernel.appcore.dll
0x00007ffa45960000 - 0x00007ffa4596a000 	C:\Program Files\Android\Android Studio\jbr\bin\jimage.dll
0x00007ffa327a0000 - 0x00007ffa329e2000 	C:\WINDOWS\SYSTEM32\DBGHELP.DLL
0x00007ffa4c360000 - 0x00007ffa4c6e6000 	C:\WINDOWS\System32\combase.dll
0x00007ffa4d070000 - 0x00007ffa4d147000 	C:\WINDOWS\System32\OLEAUT32.dll
0x00007ffa2e490000 - 0x00007ffa2e4cb000 	C:\WINDOWS\SYSTEM32\dbgcore.DLL
0x00007ffa4b110000 - 0x00007ffa4b1b5000 	C:\WINDOWS\System32\bcryptPrimitives.dll
0x00007ffa36060000 - 0x00007ffa3606e000 	C:\Program Files\Android\Android Studio\jbr\bin\instrument.dll
0x00007ffa34fe0000 - 0x00007ffa35000000 	C:\Program Files\Android\Android Studio\jbr\bin\java.dll
0x00007ffa34f40000 - 0x00007ffa34f58000 	C:\Program Files\Android\Android Studio\jbr\bin\zip.dll
0x00007ffa4bb40000 - 0x00007ffa4c292000 	C:\WINDOWS\System32\SHELL32.dll
0x00007ffa4af70000 - 0x00007ffa4b0da000 	C:\WINDOWS\System32\wintypes.dll
0x00007ffa4a700000 - 0x00007ffa4af63000 	C:\WINDOWS\System32\windows.storage.dll
0x00007ffa4d3a0000 - 0x00007ffa4d496000 	C:\WINDOWS\System32\SHCORE.dll
0x00007ffa4d330000 - 0x00007ffa4d397000 	C:\WINDOWS\System32\shlwapi.dll
0x00007ffa4a4a0000 - 0x00007ffa4a4c9000 	C:\WINDOWS\SYSTEM32\profapi.dll
0x00007ffa36050000 - 0x00007ffa36060000 	C:\Program Files\Android\Android Studio\jbr\bin\net.dll
0x00007ffa3fdf0000 - 0x00007ffa3ff17000 	C:\WINDOWS\SYSTEM32\WINHTTP.dll
0x00007ffa49890000 - 0x00007ffa498fb000 	C:\WINDOWS\system32\mswsock.dll
0x00007ffa2ddf0000 - 0x00007ffa2de06000 	C:\Program Files\Android\Android Studio\jbr\bin\nio.dll
0x00007ffa2d9a0000 - 0x00007ffa2d9b0000 	C:\Program Files\Android\Android Studio\jbr\bin\verify.dll
0x00007ffa31e90000 - 0x00007ffa31eb7000 	C:\Users\manis\.gradle\native\1def1411415f61bf3af743bc5b6707747c0891f09f0c88961ee8f79bc544acac\windows-amd64\native-platform.dll
0x00007ffa01780000 - 0x00007ffa017f7000 	C:\Users\manis\.gradle\native\0.2.8\x86_64-windows-gnu\gradle-fileevents.dll
0x00007ffa2dd80000 - 0x00007ffa2dd89000 	C:\Program Files\Android\Android Studio\jbr\bin\management.dll
0x00007ffa2dc20000 - 0x00007ffa2dc2b000 	C:\Program Files\Android\Android Studio\jbr\bin\management_ext.dll
0x00007ffa4d710000 - 0x00007ffa4d718000 	C:\WINDOWS\System32\PSAPI.DLL
0x00007ffa48d70000 - 0x00007ffa48da4000 	C:\WINDOWS\SYSTEM32\IPHLPAPI.DLL
0x00007ffa4cbd0000 - 0x00007ffa4cbda000 	C:\WINDOWS\System32\NSI.dll
0x00007ffa2dd90000 - 0x00007ffa2dd99000 	C:\Program Files\Android\Android Studio\jbr\bin\extnet.dll
0x00007ffa49b60000 - 0x00007ffa49b7b000 	C:\WINDOWS\SYSTEM32\CRYPTSP.dll
0x00007ffa49280000 - 0x00007ffa492b9000 	C:\WINDOWS\system32\rsaenh.dll
0x00007ffa49940000 - 0x00007ffa4996b000 	C:\WINDOWS\SYSTEM32\USERENV.dll
0x00007ffa4a470000 - 0x00007ffa4a49a000 	C:\WINDOWS\SYSTEM32\bcrypt.dll
0x00007ffa49b80000 - 0x00007ffa49b8c000 	C:\WINDOWS\SYSTEM32\CRYPTBASE.dll
0x00007ff9b6cd0000 - 0x00007ff9b6cd8000 	C:\WINDOWS\system32\wshunix.dll
0x00007ffa249f0000 - 0x00007ffa24a08000 	C:\WINDOWS\system32\napinsp.dll
0x00007ffa48e10000 - 0x00007ffa48f3c000 	C:\WINDOWS\SYSTEM32\DNSAPI.dll
0x00007ffa24960000 - 0x00007ffa24972000 	C:\WINDOWS\System32\winrnr.dll
0x00007ffa24930000 - 0x00007ffa24952000 	C:\WINDOWS\system32\nlansp_c.dll
0x00007ffa393b0000 - 0x00007ffa393c6000 	C:\WINDOWS\system32\wshbth.dll
0x00007ffa3fbe0000 - 0x00007ffa3fbeb000 	C:\Windows\System32\rasadhlp.dll
0x00007ffa40180000 - 0x00007ffa40206000 	C:\WINDOWS\System32\fwpuclnt.dll
0x00007ffa49440000 - 0x00007ffa49476000 	C:\WINDOWS\SYSTEM32\ntmarta.dll

JVMTI agents:
C:\Users\manis\.gradle\wrapper\dists\gradle-9.1.0-bin\9agqghryom9wkf8r80qlhnts3\gradle-9.1.0\lib\agents\gradle-instrumentation-agent-9.1.0.jar path:C:\Program Files\Android\Android Studio\jbr\bin\instrument.dll, loaded, initialized, instrumentlib options:none

dbghelp: loaded successfully - version: 4.0.5 - missing functions: none
symbol engine: initialized successfully - sym options: 0x614 - pdb path: .;C:\Program Files\Android\Android Studio\jbr\bin;C:\WINDOWS\SYSTEM32;C:\Program Files\Bitdefender\Bitdefender Security\bdhkm\dlls_268331555416705227;C:\Program Files\Bitdefender\Bitdefender Security\atcuf\dlls_268331555274265805;C:\WINDOWS\WinSxS\amd64_microsoft.windows.common-controls_6595b64144ccf1df_6.0.26100.7824_none_3e0870b2e3345462;C:\Program Files\Android\Android Studio\jbr\bin\server;C:\Users\manis\.gradle\native\1def1411415f61bf3af743bc5b6707747c0891f09f0c88961ee8f79bc544acac\windows-amd64;C:\Users\manis\.gradle\native\0.2.8\x86_64-windows-gnu

VM Arguments:
jvm_args: --add-opens=java.base/java.lang=ALL-UNNAMED --add-opens=java.base/java.lang.invoke=ALL-UNNAMED --add-opens=java.base/java.util=ALL-UNNAMED --add-opens=java.prefs/java.util.prefs=ALL-UNNAMED --add-exports=jdk.compiler/com.sun.tools.javac.api=ALL-UNNAMED --add-exports=jdk.compiler/com.sun.tools.javac.util=ALL-UNNAMED --add-opens=java.base/java.util=ALL-UNNAMED --add-opens=java.prefs/java.util.prefs=ALL-UNNAMED --add-opens=java.base/java.nio.charset=ALL-UNNAMED --add-opens=java.base/java.net=ALL-UNNAMED --add-opens=java.base/java.util.concurrent=ALL-UNNAMED --add-opens=java.base/java.util.concurrent.atomic=ALL-UNNAMED --add-opens=java.xml/javax.xml.namespace=ALL-UNNAMED --add-opens=java.base/java.time=ALL-UNNAMED -Xmx2048m -Dfile.encoding=UTF-8 -Duser.country=IN -Duser.language=en -Duser.variant -javaagent:C:\Users\manis\.gradle\wrapper\dists\gradle-9.1.0-bin\9agqghryom9wkf8r80qlhnts3\gradle-9.1.0\lib\agents\gradle-instrumentation-agent-9.1.0.jar 
java_command: org.gradle.launcher.daemon.bootstrap.GradleDaemon 9.1.0
java_class_path (initial): C:\Users\manis\.gradle\wrapper\dists\gradle-9.1.0-bin\9agqghryom9wkf8r80qlhnts3\gradle-9.1.0\lib\gradle-daemon-main-9.1.0.jar
Launcher Type: SUN_STANDARD

[Global flags]
     intx CICompilerCount                          = 4                                         {product} {ergonomic}
     uint ConcGCThreads                            = 2                                         {product} {ergonomic}
     uint G1ConcRefinementThreads                  = 8                                         {product} {ergonomic}
   size_t G1HeapRegionSize                         = 1048576                                   {product} {ergonomic}
    uintx GCDrainStackTargetSize                   = 64                                        {product} {ergonomic}
   size_t InitialHeapSize                          = 98566144                                  {product} {ergonomic}
   size_t MarkStackSize                            = 4194304                                   {product} {ergonomic}
   size_t MaxHeapSize                              = 2147483648                                {product} {command line}
   size_t MaxNewSize                               = 1287651328                                {product} {ergonomic}
   size_t MinHeapDeltaBytes                        = 1048576                                   {product} {ergonomic}
   size_t MinHeapSize                              = 8388608                                   {product} {ergonomic}
    uintx NonNMethodCodeHeapSize                   = 5839372                                {pd product} {ergonomic}
    uintx NonProfiledCodeHeapSize                  = 122909434                              {pd product} {ergonomic}
    uintx ProfiledCodeHeapSize                     = 122909434                              {pd product} {ergonomic}
    uintx ReservedCodeCacheSize                    = 251658240                              {pd product} {ergonomic}
     bool SegmentedCodeCache                       = true                                      {product} {ergonomic}
   size_t SoftMaxHeapSize                          = 2147483648                             {manageable} {ergonomic}
     bool UseCompressedOops                        = true                           {product lp64_product} {ergonomic}
     bool UseG1GC                                  = true                                      {product} {ergonomic}
     bool UseLargePagesIndividualAllocation        = false                                  {pd product} {ergonomic}

Logging:
Log output configuration:
 #0: stdout all=warning uptime,level,tags foldmultilines=false
 #1: stderr all=off uptime,level,tags foldmultilines=false

Release file:
JAVA_VERSION="21.0.9" 
MODULES="java.base java.compiler java.datatransfer java.xml java.prefs java.desktop java.instrument java.logging java.management java.security.sasl java.naming java.rmi java.management.rmi java.net.http java.scripting java.security.jgss java.transaction.xa java.sql java.sql.rowset java.xml.crypto java.se java.smartcardio jdk.accessibility jdk.internal.jvmstat jdk.attach jdk.charsets jdk.internal.opt jdk.zipfs jdk.compiler jdk.crypto.ec jdk.crypto.cryptoki jdk.dynalink jdk.hotspot.agent jdk.httpserver jdk.internal.ed jdk.internal.le jdk.internal.vm.ci jdk.jartool jdk.javadoc jdk.jcmd jdk.jdeps jdk.jdwp.agent jdk.jdi jdk.jfr jdk.jlink jdk.jsobject jdk.localedata jdk.management jdk.management.agent jdk.management.jfr jdk.naming.dns jdk.naming.rmi jdk.net jdk.sctp jdk.security.auth jdk.security.jgss jdk.unsupported jdk.unsupported.desktop jdk.xml.dom" 
IMPLEMENTOR="JetBrains s.r.o." 
JAVA_RUNTIME_VERSION="21.0.9+-14649483-b1163.86" 
LIBC="default" 
OS_ARCH="x86_64" 
OS_NAME="Windows" 
SOURCE=".:git:554d0c326095" 

Environment Variables:
PATH=C:\Python314\Scripts\;C:\Python314\;C:\Program Files\Common Files\Oracle\Java\javapath;C:\app\manis\product\21c\dbhomeXE\bin;C:\PerfLogs\dbhomeXE\bin;C:\WINDOWS\system32;C:\WINDOWS;C:\WINDOWS\System32\Wbem;C:\WINDOWS\System32\WindowsPowerShell\v1.0\;C:\WINDOWS\System32\OpenSSH\;C:\Program Files\Java\jdk-23\bin;C:\Program Files\Git\cmd;C:\src\flutter\bin;C:\Program Files\MongoDB\Server\8.2\bin;C:\Program Files\nodejs\;C:\ProgramData\chocolatey\bin;C:\Program Files\MySQL\MySQL Shell 8.0\bin\;C:\Users\manis\AppData\Local\Programs\Python\Python312\Scripts\;C:\Users\manis\AppData\Local\Programs\Python\Python312\;C:\Users\manis\AppData\Local\Microsoft\WindowsApps;C:\Users\manis\AppData\Local\Programs\Microsoft VS Code\bin;C:\Student Management App\flutter\bin;C:\Program Files\mongosh\;C:\Users\manis\AppData\Local\Programs\Ollama;C:\Program Files\JetBrains\PyCharm 2025.3.2.1\bin;C:\Users\manis\AppData\Roaming\npm;C:\Users\manis\AppData\Local\Programs\Antigravity\bin
USERNAME=Sairaj
OS=Windows_NT
PROCESSOR_IDENTIFIER=AMD64 Family 23 Model 160 Stepping 0, AuthenticAMD
TMP=C:\Users\manis\AppData\Local\Temp
TEMP=C:\Users\manis\AppData\Local\Temp




Periodic native trim disabled

JNI global refs:
JNI global refs: 29, weak refs: 275

JNI global refs memory usage: 835, weak refs: 3361

Process memory usage:
Resident Set Size: 725540K (11% of 6108668K total physical memory with 263416K free physical memory)

OOME stack traces (most recent first):
Classloader memory used:
Loader org.gradle.internal.classloader.VisitableURLClassLoader$InstrumentingVisitableURLClassLoader: 65009K
Loader org.gradle.internal.classloader.VisitableURLClassLoader                         : 53786K
Loader bootstrap                                                                       : 31619K
Loader org.gradle.initialization.MixInLegacyTypesClassLoader                           : 13231K
Loader jdk.internal.reflect.DelegatingClassLoader                                      : 476K
Loader jdk.internal.loader.ClassLoaders$PlatformClassLoader                            : 454K
Loader org.gradle.internal.classloader.VisitableURLClassLoader                         : 336K
Loader jdk.internal.loader.ClassLoaders$AppClassLoader                                 : 230K
Loader org.gradle.groovy.scripts.internal.DefaultScriptCompilationHandler$ScriptClassLoader: 126K

Classes loaded by more than one classloader:
Class Program                                                                         : loaded 5 times (x 72B)
Class Build_gradle                                                                    : loaded 3 times (x 126B)
Class com.google.common.base.PairwiseEquivalence                                      : loaded 2 times (x 83B)
Class com.google.common.collect.RegularImmutableMap$KeySet                            : loaded 2 times (x 152B)
Class org.gradle.internal.classloader.FilteringClassLoader                            : loaded 2 times (x 105B)
Class [Lcom.google.common.collect.MapMakerInternalMap$Segment;                        : loaded 2 times (x 69B)
Class com.google.common.io.FileWriteMode                                              : loaded 2 times (x 79B)
Class [Lcom.google.common.base.AbstractIterator$State;                                : loaded 2 times (x 69B)
Class com.google.common.base.CharMatcher$IsEither                                     : loaded 2 times (x 111B)
Class org.gradle.internal.classloader.ClassLoaderHierarchy                            : loaded 2 times (x 70B)
Class com.google.common.collect.AbstractMapBasedMultimap$WrappedCollection            : loaded 2 times (x 124B)
Class com.google.common.collect.ImmutableEnumSet                                      : loaded 2 times (x 146B)
Class com.google.common.util.concurrent.ExecutionError                                : loaded 2 times (x 82B)
Class com.google.common.collect.ImmutableList$1                                       : loaded 2 times (x 97B)
Class org.gradle.api.internal.classpath.ManifestUtil                                  : loaded 2 times (x 71B)
Class com.google.common.io.ByteArrayDataOutput                                        : loaded 2 times (x 70B)
Class com.google.common.collect.RegularImmutableMap                                   : loaded 2 times (x 121B)
Class com.google.common.collect.ImmutableMap$MapViewOfValuesAsSingletonSets           : loaded 2 times (x 126B)
Class ijJvmDebugger1_4rk6am07iput639hf2j5nhvl7                                        : loaded 2 times (x 171B)
Class com.google.common.collect.TransformedListIterator                               : loaded 2 times (x 93B)
Class [Lorg.objectweb.asm.Symbol;                                                     : loaded 2 times (x 69B)
Class org.objectweb.asm.ClassVisitor                                                  : loaded 2 times (x 88B)
Class com.google.common.collect.UnmodifiableListIterator                              : loaded 2 times (x 95B)
Class com.google.common.collect.MapMakerInternalMap$StrongKeyDummyValueEntry$LinkedStrongKeyDummyValueEntry: loaded 2 times (x 82B)
Class com.google.common.collect.MapMakerInternalMap$Strength                          : loaded 2 times (x 80B)
Class com.google.common.base.Platform$JdkPatternCompiler                              : loaded 2 times (x 75B)
Class org.objectweb.asm.MethodTooLargeException                                       : loaded 2 times (x 83B)
Class [Lcom.google.common.cache.CacheBuilder$OneWeigher;                              : loaded 2 times (x 69B)
Class com.google.common.base.Suppliers                                                : loaded 2 times (x 71B)
Class org.gradle.internal.classloader.DefaultClassLoaderFactory                       : loaded 2 times (x 82B)
Class com.google.common.base.CharMatcher$None                                         : loaded 2 times (x 112B)
Class org.gradle.internal.classloader.ClassLoaderVisitor                              : loaded 2 times (x 76B)
Class [Lcom.google.common.collect.ImmutableMapEntry;                                  : loaded 2 times (x 69B)
Class org.gradle.api.internal.classpath.EffectiveClassPath                            : loaded 2 times (x 90B)
Class com.google.common.collect.ImmutableRangeSet                                     : loaded 2 times (x 115B)
Class com.google.common.collect.ListMultimap                                          : loaded 2 times (x 70B)
Class com.google.common.collect.ImmutableEnumMap                                      : loaded 2 times (x 126B)
Class com.google.common.collect.Iterators$EmptyModifiableIterator                     : loaded 2 times (x 86B)
Class com.google.common.base.Splitter                                                 : loaded 2 times (x 72B)
Class com.google.common.collect.Sets$1                                                : loaded 2 times (x 139B)
Class org.objectweb.asm.AnnotationVisitor                                             : loaded 2 times (x 78B)
Class org.gradle.api.internal.DefaultClassPathProvider                                : loaded 2 times (x 76B)
Class com.google.common.collect.MapMakerInternalMap$Strength$1                        : loaded 2 times (x 80B)
Class com.google.common.collect.Maps$ViewCachingAbstractMap                           : loaded 2 times (x 125B)
Class com.google.common.collect.Sets$2                                                : loaded 2 times (x 139B)
Class [Lorg.gradle.api.internal.ClassPathProvider;                                    : loaded 2 times (x 69B)
Class org.gradle.api.internal.ClassPathProvider                                       : loaded 2 times (x 70B)
Class com.google.common.collect.MapMakerInternalMap$Strength$2                        : loaded 2 times (x 80B)
Class com.google.common.base.AbstractIterator$State                                   : loaded 2 times (x 79B)
Class [Lorg.objectweb.asm.AnnotationVisitor;                                          : loaded 2 times (x 69B)
Class com.google.common.collect.Sets$3                                                : loaded 2 times (x 139B)
Class com.google.common.cache.LocalCache$LocalLoadingCache                            : loaded 2 times (x 134B)
Class org.gradle.internal.service.UnknownServiceException                             : loaded 2 times (x 83B)
Class com.google.common.collect.MapMakerInternalMap$StrongValueEntry                  : loaded 2 times (x 70B)
Class com.google.common.io.ByteArrayDataInput                                         : loaded 2 times (x 70B)
Class com.google.common.collect.Sets$4                                                : loaded 2 times (x 139B)
Class org.objectweb.asm.ModuleVisitor                                                 : loaded 2 times (x 81B)
Class com.google.common.cache.LocalCache$Strength$1                                   : loaded 2 times (x 81B)
Class com.google.common.util.concurrent.SettableFuture                                : loaded 2 times (x 114B)
Class com.google.common.cache.LocalCache$Strength$2                                   : loaded 2 times (x 81B)
Class com.google.common.collect.Interners$InternerImpl                                : loaded 2 times (x 75B)
Class com.google.common.collect.Interner                                              : loaded 2 times (x 70B)
Class com.google.common.collect.TransformedIterator                                   : loaded 2 times (x 80B)
Class com.google.common.base.Splitter$1                                               : loaded 2 times (x 77B)
Class com.google.common.io.ByteStreams                                                : loaded 2 times (x 71B)
Class com.google.common.cache.LocalCache$Strength$3                                   : loaded 2 times (x 81B)
Class com.google.common.collect.MapDifference                                         : loaded 2 times (x 70B)
Class com.google.common.collect.MapMaker$Dummy                                        : loaded 2 times (x 79B)
Class org.objectweb.asm.FieldWriter                                                   : loaded 2 times (x 78B)
Class com.google.common.cache.CacheBuilder$NullListener                               : loaded 2 times (x 82B)
Class org.gradle.internal.classpath.TransformedClassPath                              : loaded 2 times (x 96B)
Class org.gradle.internal.classloader.InstrumentingClassLoader                        : loaded 2 times (x 70B)
Class com.google.common.collect.ImmutableListMultimap                                 : loaded 2 times (x 176B)
Class com.google.common.collect.ImmutableRangeSet$AsSet                               : loaded 2 times (x 300B)
Class com.google.common.cache.CacheLoader$FunctionToCacheLoader                       : loaded 2 times (x 75B)
Class com.google.common.base.Equivalence$Identity                                     : loaded 2 times (x 82B)
Class com.google.common.collect.ImmutableCollection$Builder                           : loaded 2 times (x 76B)
Class ijKotlinCoroutineJvmDebugInit1_d7oiu10czmhuoujwjj9ve3zn3$_run_closure1          : loaded 2 times (x 139B)
Class com.google.common.collect.EmptyImmutableListMultimap                            : loaded 2 times (x 176B)
Class com.google.common.collect.BaseImmutableMultimap                                 : loaded 2 times (x 123B)
Class com.google.common.base.Joiner                                                   : loaded 2 times (x 79B)
Class com.google.common.base.MoreObjects                                              : loaded 2 times (x 71B)
Class [Lorg.objectweb.asm.Attribute;                                                  : loaded 2 times (x 69B)
Class com.google.common.collect.Platform                                              : loaded 2 times (x 71B)
Class [Lorg.objectweb.asm.Type;                                                       : loaded 2 times (x 69B)
Class com.google.common.collect.UnmodifiableIterator                                  : loaded 2 times (x 80B)
Class org.gradle.internal.service.ServiceLocator                                      : loaded 2 times (x 70B)
Class com.google.common.collect.HashBiMap$BiEntry                                     : loaded 2 times (x 83B)
Class com.google.common.base.Ascii                                                    : loaded 2 times (x 71B)
Class com.google.common.collect.SingletonImmutableBiMap                               : loaded 2 times (x 143B)
Class com.google.common.cache.LocalCache$1                                            : loaded 2 times (x 89B)
Class com.google.common.collect.Iterators$SingletonIterator                           : loaded 2 times (x 81B)
Class com.google.common.collect.AbstractMapEntry                                      : loaded 2 times (x 81B)
Class com.google.common.collect.MapMakerInternalMap$AbstractStrongKeyEntry            : loaded 2 times (x 80B)
Class com.google.common.collect.Sets$ImprovedAbstractSet                              : loaded 2 times (x 135B)
Class com.google.common.collect.ImmutableList$Builder                                 : loaded 2 times (x 77B)
Class com.google.common.collect.AbstractMultimap                                      : loaded 2 times (x 123B)
Class com.google.common.cache.LocalCache$2                                            : loaded 2 times (x 142B)
Class com.google.common.collect.ImmutableRangeSet$1                                   : loaded 2 times (x 210B)
Class com.google.common.collect.RegularImmutableAsList                                : loaded 2 times (x 217B)
Class com.google.common.base.Optional                                                 : loaded 2 times (x 80B)
Class com.google.common.collect.Range                                                 : loaded 2 times (x 87B)
Class com.google.common.util.concurrent.AbstractFuture$Trusted                        : loaded 2 times (x 70B)
Class com.google.common.collect.Iterators                                             : loaded 2 times (x 71B)
Class com.google.common.io.ByteSink$AsCharSink                                        : loaded 2 times (x 80B)
Class com.google.common.collect.Lists$StringAsImmutableList                           : loaded 2 times (x 207B)
Class com.google.common.util.concurrent.UncheckedExecutionException                   : loaded 2 times (x 82B)
Class org.gradle.kotlin.dsl.VersionCatalogAccessorsKt                                 : loaded 2 times (x 71B)
Class org.gradle.internal.InternalTransformer                                         : loaded 2 times (x 70B)
Class com.google.common.collect.AbstractMapBasedMultimap$KeySet$1                     : loaded 2 times (x 82B)
Class org.objectweb.asm.ClassWriter                                                   : loaded 2 times (x 106B)
Class com.google.common.base.CharMatcher$And                                          : loaded 2 times (x 112B)
Class com.google.common.cache.CacheLoader$UnsupportedLoadingOperationException        : loaded 2 times (x 82B)
Class org.gradle.internal.classloader.ClasspathUtil$1                                 : loaded 2 times (x 76B)
Class com.google.common.base.Objects                                                  : loaded 2 times (x 71B)
Class org.objectweb.asm.FieldVisitor                                                  : loaded 2 times (x 77B)
Class com.google.common.collect.IndexedImmutableSet                                   : loaded 2 times (x 152B)
Class com.google.common.collect.BiMap                                                 : loaded 2 times (x 70B)
Class com.google.common.collect.ImmutableMap$1                                        : loaded 2 times (x 81B)
Class org.gradle.api.internal.classpath.DefaultModuleRegistry$DefaultModule           : loaded 2 times (x 86B)
Class com.google.common.primitives.Ints                                               : loaded 2 times (x 71B)
Class com.google.common.collect.AbstractIterator                                      : loaded 2 times (x 82B)
Class com.google.common.collect.ObjectArrays                                          : loaded 2 times (x 71B)
Class com.google.common.collect.Multiset                                              : loaded 2 times (x 70B)
Class com.google.common.collect.ArrayListMultimapGwtSerializationDependencies         : loaded 2 times (x 172B)
Class com.google.common.collect.AbstractIndexedListIterator                           : loaded 2 times (x 96B)
Class com.google.common.math.MathPreconditions                                        : loaded 2 times (x 71B)
Class com.google.common.collect.ImmutableMapEntrySet                                  : loaded 2 times (x 152B)
Class org.gradle.api.internal.classpath.Module                                        : loaded 2 times (x 70B)
Class com.google.common.cache.Weigher                                                 : loaded 2 times (x 70B)
Class org.gradle.api.internal.classpath.UnknownModuleException                        : loaded 2 times (x 82B)
Class com.google.common.base.Stopwatch                                                : loaded 2 times (x 72B)
Class com.google.common.cache.LocalCache$Strength                                     : loaded 2 times (x 81B)
Class com.google.common.cache.Cache                                                   : loaded 2 times (x 70B)
Class com.google.common.io.AppendableWriter                                           : loaded 2 times (x 100B)
Class com.google.common.base.NullnessCasts                                            : loaded 2 times (x 71B)
Class com.google.common.util.concurrent.AbstractFuture$Cancellation                   : loaded 2 times (x 72B)
Class com.google.common.collect.ImmutableMap$Builder                                  : loaded 2 times (x 82B)
Class com.google.common.base.Present                                                  : loaded 2 times (x 81B)
Class com.google.common.collect.AbstractMapBasedMultimap$WrappedCollection$WrappedIterator: loaded 2 times (x 84B)
Class com.google.common.cache.RemovalListener                                         : loaded 2 times (x 70B)
Class org.gradle.api.internal.DefaultClassPathRegistry                                : loaded 2 times (x 76B)
Class com.google.common.collect.ImmutableMultimap$Keys                                : loaded 2 times (x 166B)
Class com.google.common.primitives.IntsMethodsForWeb                                  : loaded 2 times (x 71B)
Class com.google.common.collect.Multimap                                              : loaded 2 times (x 70B)
Class org.gradle.api.internal.ClassPathRegistry                                       : loaded 2 times (x 70B)
Class org.gradle.internal.classpath.DefaultClassPath$ImmutableUniqueList              : loaded 2 times (x 199B)
Class com.google.common.collect.MapMakerInternalMap$Segment                           : loaded 2 times (x 142B)
Class com.google.common.base.ExtraObjectsMethodsForWeb                                : loaded 2 times (x 71B)
Class com.google.common.collect.Iterators$ArrayItr                                    : loaded 2 times (x 97B)
Class com.google.common.io.ByteSink                                                   : loaded 2 times (x 76B)
Class com.google.common.cache.CacheBuilder                                            : loaded 2 times (x 72B)
Class com.google.common.collect.SingletonImmutableList                                : loaded 2 times (x 207B)
Class Settings_gradle$1                                                               : loaded 2 times (x 74B)
Class org.gradle.internal.classpath.ClassPath                                         : loaded 2 times (x 70B)
Class com.google.common.collect.Interners$InternerBuilder                             : loaded 2 times (x 76B)
Class com.google.common.io.Files$FileByteSource                                       : loaded 2 times (x 85B)
Class com.google.common.base.JdkPattern                                               : loaded 2 times (x 75B)
Class com.google.common.collect.ImmutableList$ReverseImmutableList                    : loaded 2 times (x 209B)
Class com.google.common.io.CharStreams$NullWriter                                     : loaded 2 times (x 99B)
Class org.objectweb.asm.SymbolTable$Entry                                             : loaded 2 times (x 74B)
Class org.objectweb.asm.Edge                                                          : loaded 2 times (x 72B)
Class com.google.common.base.Suppliers$SupplierOfInstance                             : loaded 2 times (x 79B)
Class com.google.common.collect.Iterators$1                                           : loaded 2 times (x 81B)
Class com.google.common.cache.LocalCache$ComputingValueReference                      : loaded 2 times (x 96B)
Class com.google.common.collect.SingletonImmutableSet                                 : loaded 2 times (x 146B)
Class com.google.common.collect.ImmutableMap$IteratorBasedImmutableMap                : loaded 2 times (x 126B)
Class com.google.common.cache.LocalCache$Segment                                      : loaded 2 times (x 154B)
Class com.google.common.collect.SortedIterable                                        : loaded 2 times (x 70B)
Class com.google.common.collect.AbstractListMultimap                                  : loaded 2 times (x 172B)
Class [Lorg.objectweb.asm.SymbolTable$Entry;                                          : loaded 2 times (x 69B)
Class com.google.common.cache.CacheLoader                                             : loaded 2 times (x 74B)
Class com.google.common.collect.Iterators$4                                           : loaded 2 times (x 82B)
Class com.google.common.collect.ImmutableBiMap                                        : loaded 2 times (x 143B)
Class org.gradle.internal.installation.GradleInstallation$1                           : loaded 2 times (x 75B)
Class org.gradle.api.internal.classpath.ModuleRegistry                                : loaded 2 times (x 70B)
Class com.google.common.base.Splitter$SplittingIterator                               : loaded 2 times (x 84B)
Class com.google.common.util.concurrent.internal.InternalFutureFailureAccess          : loaded 2 times (x 72B)
Class com.google.common.collect.Iterators$5                                           : loaded 2 times (x 82B)
Class com.google.common.collect.ImmutableSet$JdkBackedSetBuilderImpl                  : loaded 2 times (x 76B)
Class com.google.common.collect.ImmutableMultimap$Values                              : loaded 2 times (x 126B)
Class com.google.common.collect.HashBiMap$Inverse                                     : loaded 2 times (x 142B)
Class com.google.common.base.CharMatcher$ForPredicate                                 : loaded 2 times (x 112B)
Class com.google.common.cache.LocalCache$LocalManualCache$1                           : loaded 2 times (x 75B)
Class ijJvmDebugger1_4rk6am07iput639hf2j5nhvl7$_run_closure1                          : loaded 2 times (x 139B)
Class com.google.common.base.CharMatcher$AnyOf                                        : loaded 2 times (x 112B)
Class com.google.common.collect.ImmutableCollection                                   : loaded 2 times (x 125B)
Class org.gradle.api.internal.classpath.DefaultModuleRegistry                         : loaded 2 times (x 86B)
Class com.google.common.collect.Lists                                                 : loaded 2 times (x 71B)
Class com.google.common.util.concurrent.ListenableFuture                              : loaded 2 times (x 70B)
Class com.google.common.cache.ReferenceEntry                                          : loaded 2 times (x 70B)
Class com.google.common.base.Converter                                                : loaded 2 times (x 90B)
Class com.google.common.collect.ImmutableSet$CachingAsList                            : loaded 2 times (x 148B)
Class com.google.common.collect.AbstractMapBasedMultimap                              : loaded 2 times (x 139B)
Class com.google.common.util.concurrent.AbstractFuture                                : loaded 2 times (x 106B)
Class com.google.common.base.FunctionalEquivalence                                    : loaded 2 times (x 83B)
Class com.google.common.collect.Iterators$9                                           : loaded 2 times (x 81B)
Class com.google.common.collect.ImmutableAsList                                       : loaded 2 times (x 209B)
Class com.google.common.io.CharStreams                                                : loaded 2 times (x 71B)
Class com.google.common.collect.ImmutableMultiset                                     : loaded 2 times (x 163B)
Class org.objectweb.asm.RecordComponentVisitor                                        : loaded 2 times (x 77B)
Class com.google.common.cache.CacheLoader$SupplierToCacheLoader                       : loaded 2 times (x 75B)
Class com.google.common.collect.Maps$EntryTransformer                                 : loaded 2 times (x 70B)
Class org.gradle.internal.service.ServiceLookupException                              : loaded 2 times (x 82B)
Class com.google.common.collect.ImmutableSortedSet                                    : loaded 2 times (x 300B)
Class [Lcom.google.common.cache.LocalCache$EntryFactory;                              : loaded 2 times (x 69B)
Class org.gradle.internal.classloader.ClassLoaderFactory                              : loaded 2 times (x 70B)
Class com.google.common.collect.ImmutableMap$SerializedForm                           : loaded 2 times (x 73B)
Class com.google.common.base.CommonPattern                                            : loaded 2 times (x 74B)
Class com.google.common.base.CharMatcher$IsNot                                        : loaded 2 times (x 111B)
Class com.google.common.cache.LocalCache$LocalManualCache                             : loaded 2 times (x 99B)
Class org.gradle.internal.service.CachingServiceLocator                               : loaded 2 times (x 82B)
Class com.google.common.collect.AbstractMapBasedMultimap$KeySet                       : loaded 2 times (x 137B)
Class com.google.common.collect.RegularImmutableSortedSet                             : loaded 2 times (x 300B)
Class com.google.common.math.IntMath                                                  : loaded 2 times (x 71B)
Class com.google.common.collect.MapMakerInternalMap$InternalEntry                     : loaded 2 times (x 70B)
Class [Lcom.google.common.collect.HashBiMap$BiEntry;                                  : loaded 2 times (x 69B)
Class org.objectweb.asm.commons.InstructionAdapter                                    : loaded 2 times (x 188B)
Class com.google.common.collect.ImmutableMapEntry                                     : loaded 2 times (x 85B)
Class com.google.common.collect.ImmutableMultimap                                     : loaded 2 times (x 147B)
Class com.google.common.base.Equivalence                                              : loaded 2 times (x 82B)
Class com.google.common.base.Function                                                 : loaded 2 times (x 70B)
Class com.google.common.collect.ImmutableMapEntry$NonTerminalImmutableMapEntry        : loaded 2 times (x 85B)
Class com.google.common.collect.IndexedImmutableSet$1                                 : loaded 2 times (x 213B)
Class com.google.common.cache.CacheBuilder$OneWeigher                                 : loaded 2 times (x 82B)
Class com.google.common.collect.RegularImmutableList                                  : loaded 2 times (x 213B)
Class org.gradle.internal.classloader.ClasspathUtil                                   : loaded 2 times (x 71B)
Class com.google.common.util.concurrent.Uninterruptibles                              : loaded 2 times (x 71B)
Class com.google.common.util.concurrent.LazyLogger                                    : loaded 2 times (x 72B)
Class com.google.common.collect.Maps                                                  : loaded 2 times (x 71B)
Class ijKotlinCoroutineJvmDebugInit1_d7oiu10czmhuoujwjj9ve3zn3$_run_closure1$_closure2: loaded 2 times (x 139B)
Class org.gradle.api.specs.Spec                                                       : loaded 2 times (x 70B)
Class com.google.common.collect.MapMaker                                              : loaded 2 times (x 72B)
Class [Lcom.google.common.collect.ImmutableEntry;                                     : loaded 2 times (x 69B)
Class com.google.common.cache.LocalCache$LoadingValueReference                        : loaded 2 times (x 96B)
Class com.google.common.io.LineReader$1                                               : loaded 2 times (x 75B)
Class com.google.common.collect.CollectSpliterators                                   : loaded 2 times (x 71B)
Class com.google.common.collect.AbstractMapBasedMultimap$AsMap                        : loaded 2 times (x 128B)
Class com.google.common.collect.MapMakerInternalMap$StrongKeyDummyValueEntry          : loaded 2 times (x 82B)
Class com.google.common.base.Platform                                                 : loaded 2 times (x 71B)
Class com.google.common.collect.AbstractMapBasedMultimap$WrappedList                  : loaded 2 times (x 205B)
Class [Lorg.objectweb.asm.AnnotationWriter;                                           : loaded 2 times (x 69B)
Class com.google.common.collect.Maps$8                                                : loaded 2 times (x 82B)
Class [Lcom.google.common.collect.Iterators$EmptyModifiableIterator;                  : loaded 2 times (x 69B)
Class com.google.common.collect.ImmutableRangeSet$Builder                             : loaded 2 times (x 77B)
Class com.google.common.collect.Sets$SetView                                          : loaded 2 times (x 138B)
Class com.google.common.cache.LocalCache$StrongValueReference                         : loaded 2 times (x 90B)
Class com.google.common.graph.SuccessorsFunction                                      : loaded 2 times (x 70B)
Class org.objectweb.asm.Type                                                          : loaded 2 times (x 72B)
Class org.gradle.internal.classloader.VisitableURLClassLoader$InstrumentingVisitableURLClassLoader: loaded 2 times (x 123B)
Class com.google.common.collect.MapMakerInternalMap$StrongKeyDummyValueEntry$Helper   : loaded 2 times (x 79B)
Class com.google.common.io.Files$FileByteSink                                         : loaded 2 times (x 77B)
Class org.objectweb.asm.ByteVector                                                    : loaded 2 times (x 79B)
Class [Lcom.google.common.cache.CacheBuilder$NullListener;                            : loaded 2 times (x 69B)
Class com.google.common.math.IntMath$1                                                : loaded 2 times (x 71B)
Class org.gradle.internal.classloader.VisitableURLClassLoader$Spec                    : loaded 2 times (x 74B)
Class org.gradle.internal.classpath.DefaultClassPath                                  : loaded 2 times (x 90B)
Class com.google.common.base.AbstractIterator                                         : loaded 2 times (x 80B)
Class org.objectweb.asm.Symbol                                                        : loaded 2 times (x 73B)
Class com.google.common.io.Java8Compatibility                                         : loaded 2 times (x 71B)
Class com.google.common.io.Closer                                                     : loaded 2 times (x 78B)
Class com.google.common.base.CharMatcher$BitSetMatcher                                : loaded 2 times (x 112B)
Class com.google.common.collect.RegularImmutableMap$Values                            : loaded 2 times (x 207B)
Class com.google.common.collect.ImmutableSet                                          : loaded 2 times (x 145B)
Class org.gradle.internal.classloader.ClassLoaderSpec                                 : loaded 2 times (x 71B)
Class org.objectweb.asm.AnnotationWriter                                              : loaded 2 times (x 79B)
Class com.google.common.cache.CacheStats                                              : loaded 2 times (x 71B)
Class com.google.common.collect.ImmutableMultisetGwtSerializationDependencies         : loaded 2 times (x 125B)
Class com.google.common.collect.Interners                                             : loaded 2 times (x 71B)
Class com.google.common.io.Closer$Suppressor                                          : loaded 2 times (x 70B)
Class com.google.common.io.LineProcessor                                              : loaded 2 times (x 70B)
Class org.objectweb.asm.RecordComponentWriter                                         : loaded 2 times (x 78B)
Class com.google.common.util.concurrent.AbstractFuture$Listener                       : loaded 2 times (x 72B)
Class com.google.common.base.CharMatcher$Or                                           : loaded 2 times (x 112B)
Class Settings_gradle$1$1                                                             : loaded 2 times (x 74B)
Class [Lorg.objectweb.asm.Label;                                                      : loaded 2 times (x 69B)
Class org.objectweb.asm.Attribute                                                     : loaded 2 times (x 77B)
Class com.google.common.base.Supplier                                                 : loaded 2 times (x 70B)
Class org.gradle.internal.classloader.VisitableURLClassLoader                         : loaded 2 times (x 117B)
Class Settings_gradle                                                                 : loaded 2 times (x 124B)
Class org.gradle.internal.Cast                                                        : loaded 2 times (x 71B)
Class org.gradle.api.Action                                                           : loaded 2 times (x 70B)
Class com.google.common.collect.MapMakerInternalMap                                   : loaded 2 times (x 161B)
Class com.google.common.collect.HashBiMap                                             : loaded 2 times (x 143B)
Class com.google.common.base.Strings                                                  : loaded 2 times (x 71B)
Class com.google.common.collect.Sets                                                  : loaded 2 times (x 71B)
Class org.objectweb.asm.Handler                                                       : loaded 2 times (x 72B)
Class com.google.common.base.CharMatcher$FastMatcher                                  : loaded 2 times (x 111B)
Class com.google.common.base.Ticker                                                   : loaded 2 times (x 72B)
Class [Lcom.google.common.cache.LocalCache$Segment;                                   : loaded 2 times (x 69B)
Class com.google.common.base.Predicate                                                : loaded 2 times (x 70B)
Class [Lcom.google.common.cache.LocalCache$Strength;                                  : loaded 2 times (x 69B)
Class com.google.common.cache.CacheBuilder$1                                          : loaded 2 times (x 85B)
Class com.google.common.collect.ImmutableMap                                          : loaded 2 times (x 120B)
Class org.gradle.internal.classpath.DefaultClassPath$ImmutableUniqueList$Builder      : loaded 2 times (x 75B)
Class com.google.common.collect.MapMakerInternalMap$WeakValueReference                : loaded 2 times (x 70B)
Class com.google.common.collect.AbstractRangeSet                                      : loaded 2 times (x 114B)
Class com.google.common.base.CharMatcher$NegatedFastMatcher                           : loaded 2 times (x 113B)
Class com.google.common.cache.LocalCache                                              : loaded 2 times (x 187B)
Class com.google.common.cache.CacheBuilder$2                                          : loaded 2 times (x 79B)
Class com.google.common.collect.ArrayListMultimap                                     : loaded 2 times (x 172B)
Class com.google.common.cache.CacheBuilder$3                                          : loaded 2 times (x 72B)
Class [Lcom.google.common.collect.AbstractMapEntry;                                   : loaded 2 times (x 69B)
Class com.google.common.collect.ImmutableEntry                                        : loaded 2 times (x 82B)
Class org.gradle.api.GradleException                                                  : loaded 2 times (x 82B)
Class com.google.common.base.Suppliers$MemoizingSupplier                              : loaded 2 times (x 79B)
Class com.google.common.collect.CollectPreconditions                                  : loaded 2 times (x 71B)
Class [Lcom.google.common.collect.MapMakerInternalMap$Strength;                       : loaded 2 times (x 69B)
Class [Lcom.google.common.io.FileWriteMode;                                           : loaded 2 times (x 69B)
Class com.google.common.collect.SortedMapDifference                                   : loaded 2 times (x 70B)
Class com.google.common.collect.MapMakerInternalMap$StrongKeyDummyValueSegment        : loaded 2 times (x 142B)
Class com.google.common.io.Files                                                      : loaded 2 times (x 71B)
Class com.google.common.cache.LocalCache$EntryFactory                                 : loaded 2 times (x 83B)
Class [Lcom.google.common.collect.MapMaker$Dummy;                                     : loaded 2 times (x 69B)
Class com.google.common.base.CharMatcher$Whitespace                                   : loaded 2 times (x 112B)
Class com.google.common.cache.LocalCache$AbstractReferenceEntry                       : loaded 2 times (x 107B)
Class ijKotlinCoroutineJvmDebugInit1_d7oiu10czmhuoujwjj9ve3zn3                        : loaded 2 times (x 171B)
Class org.gradle.internal.IoActions                                                   : loaded 2 times (x 71B)
Class com.google.common.collect.ImmutableMapKeySet                                    : loaded 2 times (x 152B)
Class com.google.common.collect.ImmutableRangeSet$ComplementRanges                    : loaded 2 times (x 207B)
Class org.objectweb.asm.SymbolTable                                                   : loaded 2 times (x 72B)
Class com.google.common.cache.CacheLoader$InvalidCacheLoadException                   : loaded 2 times (x 82B)
Class com.google.common.collect.ImmutableSet$RegularSetBuilderImpl                    : loaded 2 times (x 77B)
Class org.gradle.internal.classloader.SystemClassLoaderSpec                           : loaded 2 times (x 71B)
Class com.google.common.cache.LocalCache$StrongEntry                                  : loaded 2 times (x 108B)
Class com.google.common.util.concurrent.AbstractFuture$TrustedFuture                  : loaded 2 times (x 114B)
Class com.google.common.cache.LoadingCache                                            : loaded 2 times (x 70B)
Class com.google.common.base.Suppliers$NonSerializableMemoizingSupplier               : loaded 2 times (x 79B)
Class com.google.common.io.ByteStreams$LimitedInputStream                             : loaded 2 times (x 92B)
Class org.objectweb.asm.MethodWriter                                                  : loaded 2 times (x 106B)
Class [Lcom.google.common.cache.Weigher;                                              : loaded 2 times (x 69B)
Class com.google.common.collect.RegularImmutableMap$BucketOverflowException           : loaded 2 times (x 82B)
Class com.google.common.collect.ImmutableMultimap$1                                   : loaded 2 times (x 82B)
Class com.google.common.collect.AbstractMapBasedMultimap$RandomAccessWrappedList      : loaded 2 times (x 205B)
Class com.google.common.collect.ImmutableMultimap$2                                   : loaded 2 times (x 81B)
Class com.google.common.collect.RegularImmutableBiMap                                 : loaded 2 times (x 149B)
Class com.google.common.base.CharMatcher$Is                                           : loaded 2 times (x 111B)
Class com.google.common.base.CharMatcher$Negated                                      : loaded 2 times (x 113B)
Class com.google.common.cache.LocalCache$ValueReference                               : loaded 2 times (x 70B)
Class com.google.common.base.PatternCompiler                                          : loaded 2 times (x 70B)
Class com.google.common.util.concurrent.AbstractFuture$Failure                        : loaded 2 times (x 72B)
Class com.google.common.base.Equivalence$Equals                                       : loaded 2 times (x 82B)
Class com.google.common.collect.Hashing                                               : loaded 2 times (x 71B)
Class com.google.common.base.Preconditions                                            : loaded 2 times (x 71B)
Class com.google.common.collect.ImmutableSetMultimap                                  : loaded 2 times (x 180B)
Class com.google.common.io.CharSink                                                   : loaded 2 times (x 79B)
Class com.google.common.base.Joiner$1                                                 : loaded 2 times (x 80B)
Class org.objectweb.asm.Label                                                         : loaded 2 times (x 73B)
Class org.objectweb.asm.CurrentFrame                                                  : loaded 2 times (x 73B)
Class org.objectweb.asm.ClassTooLargeException                                        : loaded 2 times (x 83B)
Class com.google.common.base.CharMatcher                                              : loaded 2 times (x 111B)
Class com.google.common.collect.PeekingIterator                                       : loaded 2 times (x 70B)
Class ijJvmDebugger1_4rk6am07iput639hf2j5nhvl7$_run_closure1$_closure2                : loaded 2 times (x 140B)
Class com.google.common.collect.MapMakerInternalMap$InternalEntryHelper               : loaded 2 times (x 70B)
Class com.google.common.collect.Table                                                 : loaded 2 times (x 70B)
Class com.google.common.collect.Maps$IteratorBasedAbstractMap                         : loaded 2 times (x 125B)
Class com.google.common.collect.RangeGwtSerializationDependencies                     : loaded 2 times (x 71B)
Class com.google.common.base.Joiner$2                                                 : loaded 2 times (x 79B)
Class org.objectweb.asm.Frame                                                         : loaded 2 times (x 73B)
Class org.objectweb.asm.MethodVisitor                                                 : loaded 2 times (x 105B)
Class com.google.common.base.CharMatcher$1                                            : loaded 2 times (x 113B)
Class com.google.common.base.CharMatcher$NamedFastMatcher                             : loaded 2 times (x 112B)
Class com.google.common.cache.LocalCache$EntryFactory$1                               : loaded 2 times (x 83B)
Class [Lcom.google.common.cache.RemovalListener;                                      : loaded 2 times (x 69B)
Class com.google.common.collect.RangeSet                                              : loaded 2 times (x 70B)
Class com.google.common.cache.LocalCache$EntryFactory$2                               : loaded 2 times (x 83B)
Class org.gradle.api.internal.classpath.GlobalCacheRootsProvider                      : loaded 2 times (x 70B)
Class com.google.common.collect.CollectCollectors                                     : loaded 2 times (x 71B)
Class org.objectweb.asm.ModuleWriter                                                  : loaded 2 times (x 82B)
Class com.google.common.cache.LocalCache$EntryFactory$3                               : loaded 2 times (x 83B)
Class com.google.common.base.Ticker$1                                                 : loaded 2 times (x 72B)
Class com.google.common.collect.Maps$BiMapConverter                                   : loaded 2 times (x 90B)
Class com.google.common.collect.ImmutableMapEntrySet$RegularEntrySet                  : loaded 2 times (x 152B)
Class com.google.common.collect.SetMultimap                                           : loaded 2 times (x 70B)
Class com.google.common.base.CharMatcher$InRange                                      : loaded 2 times (x 111B)
Class com.google.common.cache.LocalCache$EntryFactory$4                               : loaded 2 times (x 83B)
Class com.google.common.collect.ImmutableSet$Builder                                  : loaded 2 times (x 85B)
Class com.google.common.io.ByteStreams$1                                              : loaded 2 times (x 85B)
Class com.google.common.cache.LocalCache$EntryFactory$5                               : loaded 2 times (x 83B)
Class com.google.common.io.LineReader                                                 : loaded 2 times (x 72B)
Class com.google.common.cache.LocalCache$EntryFactory$6                               : loaded 2 times (x 83B)
Class org.gradle.internal.installation.CurrentGradleInstallationLocator               : loaded 2 times (x 71B)
Class com.google.common.collect.ImmutableMultimap$Builder                             : loaded 2 times (x 86B)
Class org.objectweb.asm.ClassReader                                                   : loaded 2 times (x 94B)
Class com.google.common.collect.Maps$KeySet                                           : loaded 2 times (x 137B)
Class com.google.common.cache.LocalCache$EntryFactory$7                               : loaded 2 times (x 83B)
Class com.google.common.collect.ImmutableSet$EmptySetBuilderImpl                      : loaded 2 times (x 76B)
Class com.google.common.collect.ImmutableList                                         : loaded 2 times (x 206B)
Class org.gradle.internal.service.DefaultServiceLocator                               : loaded 2 times (x 83B)
Class com.google.common.collect.ImmutableMultimap$EntryCollection                     : loaded 2 times (x 128B)
Class com.google.common.collect.Maps$EntrySet                                         : loaded 2 times (x 136B)
Class com.google.common.cache.LocalCache$EntryFactory$8                               : loaded 2 times (x 83B)
Class com.google.common.collect.ImmutableSet$SetBuilderImpl                           : loaded 2 times (x 76B)
Class org.gradle.internal.installation.CurrentGradleInstallation                      : loaded 2 times (x 73B)
Class com.google.common.cache.CacheLoader$1                                           : loaded 2 times (x 75B)
Class com.google.common.collect.ForwardingObject                                      : loaded 2 times (x 72B)
Class com.google.common.collect.ImmutableList$SubList                                 : loaded 2 times (x 209B)
Class org.gradle.util.internal.GUtil                                                  : loaded 2 times (x 71B)
Class com.google.common.io.ByteSource                                                 : loaded 2 times (x 84B)
Class com.google.common.cache.AbstractCache$StatsCounter                              : loaded 2 times (x 70B)
Class com.google.common.io.LineBuffer                                                 : loaded 2 times (x 75B)
Class com.google.common.collect.MapMakerInternalMap$1                                 : loaded 2 times (x 83B)
Class org.objectweb.asm.Context                                                       : loaded 2 times (x 72B)
Class com.google.common.collect.Iterators$MergingIterator                             : loaded 2 times (x 81B)
Class com.google.common.collect.RegularImmutableSet                                   : loaded 2 times (x 149B)
Class org.gradle.internal.installation.GradleInstallation                             : loaded 2 times (x 75B)
Class com.google.common.base.Splitter$Strategy                                        : loaded 2 times (x 70B)
Class com.google.common.collect.Iterables                                             : loaded 2 times (x 71B)

---------------  S Y S T E M  ---------------

OS:
 Windows 11 , 64 bit Build 26100 (10.0.26100.7705)
OS uptime: 0 days 0:56 hours
Hyper-V role detected

CPU: total 8 (initial active 8) (8 cores per cpu, 2 threads per core) family 23 model 160 stepping 0 microcode 0x8a00006, cx8, cmov, fxsr, ht, mmx, 3dnowpref, sse, sse2, sse3, ssse3, sse4a, sse4.1, sse4.2, popcnt, lzcnt, tsc, tscinvbit, avx, avx2, aes, clmul, bmi1, bmi2, adx, sha, fma, vzeroupper, clflush, clflushopt, hv, rdtscp, rdpid, f16c
Processor Information for the first 8 processors :
  Max Mhz: 2401, Current Mhz: 2401, Mhz Limit: 2401

Memory: 4k page, system-wide physical 5965M (210M free)
TotalPageFile size 24397M (AvailPageFile size 138M)
current process WorkingSet (physical memory assigned to process): 662M, peak: 856M
current process commit charge ("private bytes"): 1672M, peak: 1672M

vm_info: OpenJDK 64-Bit Server VM (21.0.9+-14649483-b1163.86) for windows-amd64 JRE (21.0.9+-14649483-b1163.86), built on 2025-12-30T22:08:35Z by "builder" with MS VC++ 16.10 / 16.11 (VS2019)

END.
